노선,지사,터널명,이정,연장,차로수,종별,상태등급,준공일자,행정구역
경부선,수원지사,판교IC지하차도,406,281,2,2종,B,2010-12-20,경기도 성남시 분당구 판교동 
경부선,수원지사,삼평지하차도,407,150,2,2종,B,2010-12-20,경기도 성남시 분당구 삼평동 
수도권제1순환선(판교퇴계원),동서울지사,광암터널(구리),16,726,4,1종,B,2002-12-16,경기도 하남시 광암동 
수도권제1순환선(판교퇴계원),동서울지사,광암터널(판교1),16,743,2,2종,B,1991-11-29,경기도 하남시 광암동 
수도권제1순환선(판교퇴계원),동서울지사,광암터널(판교2),16,752,2,2종,B,1991-11-29,경기도 하남시 광암동 
수도권제1순환선(판교일산),동서울지사,청계터널(일산),123,450,4,1종,B,1995-07-17,경기도 의왕시 청계동 
수도권제1순환선(판교일산),동서울지사,청계터널(판교),123,550,4,1종,B,1995-07-17,경기도 의왕시 청계동 
중부내륙선,이천지사,금사1터널(양평),285,378,2,2종,B,2012-12-13,경기도 여주시 금사면 궁리
중부내륙선,이천지사,금사1터널(창원),285,388,2,2종,B,2012-12-13,경기도 여주시 금사면 궁리
중부내륙선,이천지사,금사2터널(양평),286,127,2,2종,B,2012-12-13,경기도 여주시 금사면 외평리
중부내륙선,이천지사,금사2터널(창원),286,168,2,2종,B,2012-12-13,경기도 여주시 금사면 외평리
중부내륙선,이천지사,금사3터널(양평),287,900,2,2종,B,2012-12-13,경기도 여주시 금사면 외평리
중부내륙선,이천지사,금사3터널(창원),287,900,2,2종,B,2012-12-13,경기도 여주시 금사면 외평리
중부내륙선,이천지사,금사4터널(양평),288,257,2,2종,B,2012-12-13,경기도 여주시 금사면 하호리
중부내륙선,이천지사,금사4터널(창원),288,259,2,2종,B,2012-12-13,경기도 여주시 금사면 하호리
중부내륙선,이천지사,금사5터널(양평),290,1890,2,1종,B,2012-12-13,경기도 여주시 금사면 소유리
중부내륙선,이천지사,금사5터널(창원),290,1869,2,1종,B,2012-12-13,경기도 여주시 금사면 소유리
중부내륙선,이천지사,강상1터널(양평),292,1323,2,1종,B,2012-12-13,경기도 양평군 강상면 대석리
중부내륙선,이천지사,강상1터널(창원),292,1328,2,1종,B,2012-12-13,경기도 양평군 강상면 대석리
중부내륙선,이천지사,강상2터널(양평),293,1699,2,1종,B,2012-12-13,경기도 양평군 강상면 세월리
중부내륙선,이천지사,강상2터널(창원),293,1697,2,1종,B,2012-12-13,경기도 양평군 강상면 세월리
영동선,이천지사,양지터널(강릉),59,730,4,1종,A,2012-05-31,경기도 용인시 처인구 양지면 주북리
영동선,이천지사,양지터널(인천2),59,642,2,2종,B,1994-12-05,경기도 용인시 처인구 양지면 주북리
영동선,이천지사,양지터널(인천1),59,660,2,2종,B,1994-12-05,경기도 용인시 처인구 양지면 주북리
수도권제2순환선,이천지사,옥천터널(화도),303,770,2,2종,A,2023-07-14,경기도 양평군 양서면 증동리
수도권제2순환선,이천지사,옥천터널(양평),303,770,2,2종,A,2023-07-14,경기도 양평군 양서면 증동리
수도권제2순환선,이천지사,양서1터널(화도),304,423,2,2종,A,2023-07-14,경기도 양평군 양서면 증동리
수도권제2순환선,이천지사,양서1터널(양평),304,425,2,2종,A,2023-07-14,경기도 양평군 양서면 증동리
수도권제2순환선,이천지사,양서2터널(화도),305,3432,2,1종,A,2023-07-14,경기도 양평군 양서면 목왕리
수도권제2순환선,이천지사,양서2터널(양평),305,3430,2,1종,A,2023-07-14,경기도 양평군 양서면 목왕리
수도권제2순환선,이천지사,양서3터널(양평),311,2617,2,1종,A,2023-07-14,경기도 양평군 양서면 양수리
수도권제2순환선,이천지사,양서3터널(화도),311,2609,2,1종,A,2023-07-14,경기도 양평군 양서면 양수리
수도권제2순환선,이천지사,양서4터널(양평),313,960,2,2종,B,2023-07-14,경기도 양평군 서종면 문호리
수도권제2순환선,이천지사,양서4터널(화도),313,960,2,2종,B,2023-07-14,경기도 양평군 서종면 문호리
수도권제2순환선,이천지사,문안산터널(양평),315,3900,2,1종,A,2023-12-20,경기도 남양주시 화도읍 창현리
수도권제2순환선,이천지사,문안산터널(화도),315,3942,2,1종,A,2023-12-20,경기도 남양주시 조안면 삼봉리
통영대전선/중부선,경기광주지사,중부3터널(하남),349,378,2,2종,B,1987-11-30,경기도 광주시 초월읍 지월리
통영대전선/중부선,경기광주지사,중부3터널(남이),349,369,2,2종,A,1987-11-30,경기도 광주시 남한산성면 하번천리
통영대전선/중부선,경기광주지사,중부2터널(하남),351,236,2,2종,B,1987-11-30,경기도 광주시 남한산성면 하번천리
통영대전선/중부선,경기광주지사,중부2터널(남이),351,252,2,2종,A,1987-11-30,경기도 광주시 남한산성면 하번천리
통영대전선/중부선,경기광주지사,중부1터널(하남),355,296,2,2종,B,1987-11-30,경기도 광주시 남한산성면 광지원리
통영대전선/중부선,경기광주지사,중부1터널(남이),355,300,2,2종,A,1987-11-30,경기도 광주시 남한산성면 엄미리
제2중부선,경기광주지사,하번천터널(하남),349,445,2,2종,B,2001-11-29,경기도 광주시 초월읍 지월리
제2중부선,경기광주지사,하번천터널(이천),349,396,2,2종,B,2001-11-29,경기도 광주시 남한산성면 하번천리
제2중부선,경기광주지사,광지원터널(하남),355,526,2,2종,B,2001-11-29,경기도 광주시 남한산성면 광지원리
제2중부선,경기광주지사,광지원터널(이천),355,520,2,2종,B,2001-11-29,경기도 광주시 남한산성면 엄미리
제2중부선,경기광주지사,산곡터널(이천),356,240,2,2종,B,2001-11-29,경기도 하남시 상산곡동 
영동선,원주지사,강천터널(강릉),102,338,2,2종,B,1994-12-23,경기도 여주시 강천면 강천리
영동선,원주지사,강천터널(인천),102,329,3,1종,B,2011-10-31,경기도 여주시 강천면 강천리
영동선,대관령지사,둔내터널(강릉),169,3300,2,1종,B,1999-12-18,강원특별자치도 횡성군 둔내면 삽교리
영동선,대관령지사,둔내터널(인천),169,3300,2,1종,B,1999-12-18,강원특별자치도 횡성군 둔내면 삽교리
영동선,대관령지사,봉평터널(인천),179,1420,2,1종,B,1999-12-18,강원특별자치도 평창군 봉평면 면온리
영동선,대관령지사,봉평터널(강릉),179,1445,2,1종,B,1999-12-18,강원특별자치도 평창군 봉평면 면온리
영동선,대관령지사,진부1터널(강릉),194,2075,2,1종,B,1999-12-18,강원특별자치도 평창군 용평면 속사리
영동선,대관령지사,진부1터널(인천),194,2095,2,1종,B,1999-12-18,강원특별자치도 평창군 용평면 속사리
영동선,대관령지사,진부2터널(강릉),196,203,2,2종,B,1999-12-18,강원특별자치도 평창군 진부면 하진부리
영동선,대관령지사,진부2터널(인천),196,185,2,2종,B,1999-12-18,강원특별자치도 평창군 진부면 하진부리
영동선,대관령지사,진부3터널(인천),197,604,2,2종,B,1999-12-18,강원특별자치도 평창군 진부면 하진부리
영동선,대관령지사,진부3터널(강릉),197,599,2,2종,B,1999-12-18,강원특별자치도 평창군 진부면 하진부리
영동선,대관령지사,대관령1터널(강릉),215,1830,2,1종,B,2001-12-17,강원특별자치도 평창군 대관령면 횡계리
영동선,대관령지사,대관령1터널(인천),215,1800,3,1종,B,2001-12-17,강원특별자치도 평창군 대관령면 횡계리
영동선,대관령지사,대관령4터널(인천),220,705,3,1종,B,2001-12-17,강원특별자치도 강릉시 왕산면 왕산리
영동선,대관령지사,대관령4터널(강릉),220,668,2,2종,B,2001-12-17,강원특별자치도 강릉시 왕산면 왕산리
영동선,대관령지사,대관령5터널(인천),221,1209,3,1종,B,2001-12-17,강원특별자치도 강릉시 왕산면 왕산리
영동선,대관령지사,대관령5터널(강릉),221,1179,2,1종,B,2001-12-17,강원특별자치도 강릉시 왕산면 왕산리
영동선,대관령지사,대관령6터널(인천),223,234,3,1종,B,2001-12-17,강원특별자치도 강릉시 성산면 어흘리
영동선,대관령지사,대관령6터널(강릉),223,202,2,2종,B,2001-12-17,강원특별자치도 강릉시 성산면 어흘리
영동선,대관령지사,대관령7터널(강릉),224,120,2,2종,B,2001-12-17,강원특별자치도 강릉시 성산면 어흘리
영동선,대관령지사,대관령7터널(인천),224,120,3,1종,B,2001-12-17,강원특별자치도 강릉시 성산면 어흘리
중앙선,홍천지사,만종터널(춘천),315,423,2,2종,A,1994-12-18,강원특별자치도 원주시 호저면 만종리
중앙선,홍천지사,만종터널(부산),315,434,2,2종,B,1994-12-18,강원특별자치도 원주시 호저면 만종리
중앙선,홍천지사,횡성터널(춘천),337,405,2,2종,B,1999-08-01,강원특별자치도 횡성군 횡성읍 학곡리
중앙선,홍천지사,횡성터널(부산),337,367,2,2종,B,1999-08-01,강원특별자치도 횡성군 횡성읍 학곡리
중앙선,홍천지사,공근터널(춘천),342,635,2,2종,B,2001-08-31,강원특별자치도 횡성군 공근면 매곡리
중앙선,홍천지사,공근터널(부산),342,678,2,2종,A,2001-08-31,강원특별자치도 횡성군 공근면 매곡리
중앙선,홍천지사,삼마치터널(춘천),350,1436,2,1종,B,2001-08-31,강원특별자치도 횡성군 공근면 어둔리
중앙선,홍천지사,삼마치터널(부산),350,1429,2,1종,B,2001-08-31,강원특별자치도 횡성군 공근면 어둔리
중앙선,홍천지사,남산터널(춘천),357,840,2,2종,B,2000-11-20,강원특별자치도 홍천군 영귀미면 삼현리
중앙선,홍천지사,남산터널(부산),357,797,2,2종,B,2000-11-28,강원특별자치도 홍천군 영귀미면 삼현리
중앙선,홍천지사,굴지터널(춘천),369,710,2,2종,A,1995-10-01,강원특별자치도 홍천군 북방면 굴지리
중앙선,홍천지사,굴지터널(부산),369,648,2,2종,A,1995-10-01,강원특별자치도 홍천군 북방면 굴지리
중앙선,홍천지사,원무1터널(춘천),375,497,2,2종,B,1995-10-01,강원특별자치도 춘천시 동산면 봉명리
중앙선,홍천지사,원무1터널(부산),375,498,2,2종,A,2000-05-30,강원특별자치도 춘천시 동산면 봉명리
중앙선,홍천지사,원무2터널(춘천),376,808,2,2종,A,1995-10-01,강원특별자치도 춘천시 동산면 원창리
중앙선,홍천지사,원무2터널(부산),376,814,2,2종,A,1998-08-25,강원특별자치도 춘천시 동산면 원창리
중앙선,홍천지사,원창터널(춘천),379,224,2,2종,B,1995-10-01,강원특별자치도 춘천시 동산면 원창리
중앙선,홍천지사,원창터널(부산),379,273,2,2종,A,1998-10-09,강원특별자치도 춘천시 동산면 원창리
서울양양선,춘천지사,미사지하차도,2,123,3,2종,A,2009-08-11,경기도 하남시 미사동 
서울양양선,춘천지사,월문1터널(서울),9,1224,3,1종,B,2009-08-11,경기도 남양주시 와부읍 월문리
서울양양선,춘천지사,월문1터널(양양),9,1229,3,1종,B,2009-08-11,경기도 남양주시 와부읍 월문리
서울양양선,춘천지사,월문2터널,11,84,3,1종,B,2009-08-11,경기도 남양주시 와부읍 월문리
서울양양선,춘천지사,월문3터널(양양),12,988,3,1종,B,2009-08-11,경기도 남양주시 와부읍 월문리
서울양양선,춘천지사,월문3터널(서울),12,964,3,1종,B,2009-08-11,경기도 남양주시 와부읍 월문리
서울양양선,춘천지사,금남터널(양양),18,680,2,2종,B,2009-08-11,경기도 남양주시 화도읍 금남리
서울양양선,춘천지사,금남터널(서울),18,680,2,2종,A,2009-08-11,경기도 남양주시 화도읍 금남리
서울양양선,춘천지사,서종터널(양양),21,639,2,2종,B,2009-08-11,경기도 양평군 서종면 수입리
서울양양선,춘천지사,서종터널(서울),21,594,2,2종,B,2009-08-11,경기도 양평군 서종면 수입리
서울양양선,춘천지사,이천터널(서울),26,318,2,2종,B,2009-08-11,경기도 가평군 설악면 이천리
서울양양선,춘천지사,이천터널(양양),27,273,2,2종,B,2009-08-11,경기도 가평군 설악면 이천리
서울양양선,춘천지사,천안터널(양양),29,1270,2,1종,B,2009-08-11,경기도 가평군 설악면 천안리
서울양양선,춘천지사,천안터널(서울),29,1240,2,1종,B,2009-08-11,경기도 가평군 설악면 천안리
서울양양선,춘천지사,엄소터널(서울),32,436,2,2종,B,2009-08-11,경기도 가평군 설악면 엄소리
서울양양선,춘천지사,엄소터널(양양),32,380,2,2종,B,2009-08-11,경기도 가평군 설악면 엄소리
서울양양선,춘천지사,창의터널(양양),35,1348,2,1종,B,2009-08-11,경기도 가평군 설악면 창의리
서울양양선,춘천지사,창의터널(서울),35,1348,2,1종,B,2009-08-11,경기도 가평군 설악면 창의리
서울양양선,춘천지사,송산터널(양양),37,1136,2,1종,B,2009-08-11,경기도 가평군 설악면 송산리
서울양양선,춘천지사,송산터널(서울),37,1154,2,1종,B,2009-08-11,경기도 가평군 설악면 송산리
서울양양선,춘천지사,미사터널(양양),40,2193,2,1종,B,2009-08-11,경기도 가평군 설악면 미사리
서울양양선,춘천지사,미사터널(서울),40,2205,2,1종,B,2009-08-11,경기도 가평군 설악면 미사리
서울양양선,춘천지사,마곡터널(양양),42,919,2,2종,B,2009-08-11,강원특별자치도 홍천군 서면 마곡리
서울양양선,춘천지사,마곡터널(서울),42,958,2,2종,B,2009-08-11,강원특별자치도 홍천군 서면 마곡리
서울양양선,춘천지사,발산1터널(양양),45,633,2,2종,B,2009-08-11,강원특별자치도 춘천시 남면 발산리
서울양양선,춘천지사,발산1터널(서울),45,599,2,2종,B,2009-08-11,강원특별자치도 춘천시 남면 발산리
서울양양선,춘천지사,발산2터널(양양),45,480,2,2종,B,2009-08-11,강원특별자치도 춘천시 남면 발산리
서울양양선,춘천지사,발산2터널(서울),45,504,2,2종,B,2009-08-11,강원특별자치도 춘천시 남면 발산리
서울양양선,춘천지사,발산3터널(양양),46,254,2,2종,A,2009-08-11,강원특별자치도 춘천시 남면 발산리
서울양양선,춘천지사,발산3터널(서울),46,251,2,2종,B,2009-08-11,강원특별자치도 춘천시 남면 발산리
서울양양선,춘천지사,발산4터널(양양),49,433,2,2종,B,2009-08-11,강원특별자치도 춘천시 남면 발산리
서울양양선,춘천지사,발산4터널(서울),49,387,2,2종,B,2009-08-11,강원특별자치도 춘천시 남면 발산리
서울양양선,춘천지사,추곡터널(양양),50,433,2,2종,B,2009-08-11,강원특별자치도 춘천시 남산면 행촌리
서울양양선,춘천지사,추곡터널(서울),50,412,2,2종,B,2009-08-11,강원특별자치도 춘천시 남산면 행촌리
서울양양선,춘천지사,행촌터널(양양),53,463,2,2종,B,2009-08-11,강원특별자치도 춘천시 남산면 행촌리
서울양양선,춘천지사,행촌터널(서울),53,459,2,2종,B,2009-08-11,강원특별자치도 춘천시 남산면 행촌리
서울양양선,춘천지사,광판터널(양양),54,358,2,2종,B,2009-08-11,강원특별자치도 춘천시 남산면 광판리
서울양양선,춘천지사,광판터널(서울),54,278,2,2종,A,2009-08-11,강원특별자치도 춘천시 남산면 광판리
서울양양선,춘천지사,군자1터널(서울),59,511,2,2종,B,2009-08-11,강원특별자치도 춘천시 동산면 군자리
서울양양선,춘천지사,군자1터널(양양),59,474,2,2종,B,2009-08-11,강원특별자치도 춘천시 동산면 군자리
서울양양선,춘천지사,군자2터널(양양),60,885,2,2종,B,2009-08-11,강원특별자치도 춘천시 동산면 군자리
서울양양선,춘천지사,군자2터널(서울),60,915,2,2종,B,2009-08-11,강원특별자치도 춘천시 동산면 군자리
서울양양선,춘천지사,동산1터널(양양),65,683,2,2종,B,2009-12-15,강원특별자치도 춘천시 동산면 조양리
서울양양선,춘천지사,동산1터널(서울),65,708,2,2종,A,2009-12-15,강원특별자치도 춘천시 동산면 조양리
서울양양선,춘천지사,동산2터널(양양),66,1137,2,1종,B,2009-12-15,강원특별자치도 춘천시 동산면 조양리
서울양양선,춘천지사,동산2터널(서울),66,1239,2,1종,B,2009-12-15,강원특별자치도 춘천시 동산면 조양리
서울양양선,춘천지사,북방1터널(양양),67,2298,2,1종,B,2009-12-15,강원특별자치도 춘천시 동산면 봉명리
서울양양선,춘천지사,북방1터널(서울),67,2285,2,1종,B,2009-12-15,강원특별자치도 춘천시 동산면 봉명리
서울양양선,춘천지사,북방2터널(양양),71,326,2,2종,B,2009-12-15,강원특별자치도 홍천군 북방면 성동리
서울양양선,춘천지사,북방2터널(서울),71,330,2,2종,B,2009-12-15,강원특별자치도 홍천군 북방면 성동리
서울양양선,춘천지사,북방3터널(양양),72,1520,2,1종,B,2009-12-15,강원특별자치도 홍천군 북방면 성동리
서울양양선,춘천지사,북방3터널(서울),72,1518,2,1종,B,2009-12-15,강원특별자치도 홍천군 북방면 성동리
서울양양선,춘천지사,화촌1터널(양양),75,721,2,2종,B,2009-12-15,강원특별자치도 홍천군 화촌면 송정리
서울양양선,춘천지사,화촌1터널(서울),75,691,2,2종,B,2009-12-15,강원특별자치도 홍천군 화촌면 송정리
서울양양선,춘천지사,화촌2터널(양양),75,378,2,2종,B,2009-12-15,강원특별자치도 홍천군 화촌면 송정리
서울양양선,춘천지사,화촌2터널(서울),75,359,2,2종,B,2009-12-15,강원특별자치도 홍천군 화촌면 송정리
서울양양선,춘천지사,화촌3터널(양양),80,527,2,2종,B,2017-07-10,강원특별자치도 홍천군 화촌면 외삼포리
서울양양선,춘천지사,화촌3터널(서울),80,407,2,2종,B,2017-07-10,강원특별자치도 홍천군 화촌면 외삼포리
서울양양선,춘천지사,화촌5터널(양양),83,125,2,2종,B,2017-07-10,강원특별자치도 홍천군 화촌면 군업리
서울양양선,춘천지사,화촌5터널(서울),83,125,2,2종,B,2017-07-10,강원특별자치도 홍천군 화촌면 군업리
서울양양선,춘천지사,화촌6터널(양양),84,629,2,2종,A,2017-07-10,강원특별자치도 홍천군 화촌면 군업리
서울양양선,춘천지사,화촌6터널(서울),84,599,2,2종,A,2017-07-10,강원특별자치도 홍천군 화촌면 군업리
서울양양선,춘천지사,화촌8터널(양양),87,978,2,2종,A,2017-07-10,강원특별자치도 홍천군 화촌면 장평리
서울양양선,춘천지사,화촌8터널(서울),87,963,2,2종,A,2017-07-10,강원특별자치도 홍천군 화촌면 장평리
서울양양선,춘천지사,화촌9터널(서울),88,3690,2,1종,B,2017-07-10,강원특별자치도 홍천군 화촌면 장평리
서울양양선,춘천지사,화촌9터널(양양),88,3705,2,1종,B,2017-07-10,강원특별자치도 홍천군 화촌면 장평리
서울양양선,춘천지사,내촌1터널(양양),92,1248,2,1종,A,2017-07-10,강원특별자치도 홍천군 내촌면 와야리
서울양양선,춘천지사,내촌1터널(서울),92,1267,2,1종,A,2017-07-10,강원특별자치도 홍천군 내촌면 와야리
서울양양선,춘천지사,내촌2터널(양양),94,100,2,2종,A,2017-07-10,강원특별자치도 홍천군 내촌면 와야리
서울양양선,춘천지사,내촌2터널(서울),94,100,2,2종,A,2017-07-10,강원특별자치도 홍천군 내촌면 와야리
동해선,강릉지사,근덕터널(삼척),1,2558,2,1종,A,2016-12-20,강원특별자치도 삼척시 근덕면 상맹방리
동해선,강릉지사,근덕터널(속초),1,2473,2,1종,A,2016-12-20,강원특별자치도 삼척시 근덕면 상맹방리
동해선,강릉지사,적노터널(속초),4,542,2,2종,A,2016-12-20,강원특별자치도 삼척시 적노동 
동해선,강릉지사,적노터널(삼척),4,487,2,2종,A,2016-12-20,강원특별자치도 삼척시 적노동 
동해선,강릉지사,사직터널(삼척),5,302,2,2종,B,2016-12-20,강원특별자치도 삼척시 사직동 
동해선,강릉지사,사직터널(속초),5,237,2,2종,B,2016-12-20,강원특별자치도 삼척시 사직동 
동해선,강릉지사,남양터널(속초),5,327,2,2종,A,2016-12-20,강원특별자치도 삼척시 남양동 
동해선,강릉지사,남양터널(삼척),5,380,2,2종,B,2016-12-20,강원특별자치도 삼척시 남양동 
동해선,강릉지사,지가터널(속초),13,507,2,2종,B,2016-12-20,강원특별자치도 동해시 지가동 
동해선,강릉지사,지가터널(삼척),13,490,2,2종,B,2016-12-20,강원특별자치도 동해시 지가동 
동해선,강릉지사,귀운터널(속초),14,305,2,2종,B,2016-12-20,강원특별자치도 동해시 귀운동 
동해선,강릉지사,귀운터널(삼척),14,290,2,2종,B,2016-12-20,강원특별자치도 동해시 귀운동 
동해선,강릉지사,동해터널(속초),20,300,2,2종,B,2004-12-21,강원특별자치도 동해시 평릉동 
동해선,강릉지사,동해터널(삼척),20,300,2,2종,B,2004-12-21,강원특별자치도 동해시 평릉동 
동해선,강릉지사,강릉1터널(삼척),36,535,2,2종,B,2004-12-21,강원특별자치도 강릉시 옥계면 낙풍리
동해선,강릉지사,강릉1터널(속초),36,450,3,1종,B,2004-12-21,강원특별자치도 강릉시 옥계면 낙풍리
동해선,강릉지사,강릉2터널(속초),40,210,2,2종,B,2004-12-21,강원특별자치도 강릉시 강동면 산성우리
동해선,강릉지사,강릉2터널(삼척),40,210,2,2종,B,2004-12-21,강원특별자치도 강릉시 강동면 산성우리
동해선,강릉지사,강릉3터널(속초),41,140,2,2종,B,2004-12-21,강원특별자치도 강릉시 강동면 산성우리
동해선,강릉지사,강릉3터널(삼척),41,140,2,2종,B,2004-12-21,강원특별자치도 강릉시 강동면 산성우리
동해선,강릉지사,강릉4터널(속초),42,960,2,2종,A,2004-12-21,강원특별자치도 강릉시 강동면 산성우리
동해선,강릉지사,강릉4터널(삼척),42,960,2,2종,B,2004-12-21,강원특별자치도 강릉시 강동면 산성우리
동해선,강릉지사,강릉5터널(속초),44,2075,2,1종,B,2004-12-21,강원특별자치도 강릉시 강동면 임곡리
동해선,강릉지사,강릉5터널(삼척),44,2095,2,1종,B,2004-12-21,강원특별자치도 강릉시 강동면 임곡리
동해선,강릉지사,현남터널(속초),87,958,2,2종,A,2009-12-25,강원특별자치도 양양군 현남면 정자리
동해선,강릉지사,현남터널(삼척),87,971,2,2종,A,2009-12-25,강원특별자치도 양양군 현남면 정자리
동해선,강릉지사,현북터널(속초),88,543,2,2종,B,2009-12-25,강원특별자치도 양양군 현북면 잔교리
동해선,강릉지사,현북터널(삼척),88,550,2,2종,A,2009-12-25,강원특별자치도 양양군 현북면 잔교리
서울양양선,양양지사,내촌3터널(양양),97,154,2,2종,A,2017-07-10,강원특별자치도 홍천군 내촌면 물걸리
서울양양선,양양지사,내촌3터널(서울),97,162,2,2종,A,2017-07-10,강원특별자치도 홍천군 내촌면 물걸리
서울양양선,양양지사,내촌4터널(서울),97,358,2,2종,A,2017-07-10,강원특별자치도 홍천군 내촌면 물걸리
서울양양선,양양지사,내촌4터널(양양),97,364,2,2종,B,2017-07-10,강원특별자치도 홍천군 내촌면 물걸리
서울양양선,양양지사,내촌5터널(양양),98,205,2,2종,A,2017-07-10,강원특별자치도 홍천군 내촌면 물걸리
서울양양선,양양지사,내촌5터널(서울),98,207,2,2종,B,2017-07-10,강원특별자치도 홍천군 내촌면 물걸리
서울양양선,양양지사,서석터널(양양),99,3061,2,1종,B,2017-07-10,강원특별자치도 홍천군 내촌면 물걸리
서울양양선,양양지사,서석터널(서울),99,2997,2,1종,A,2017-07-10,강원특별자치도 홍천군 내촌면 물걸리
서울양양선,양양지사,행치령터널(서울),102,1397,2,1종,A,2017-07-10,강원특별자치도 홍천군 서석면 수하리
서울양양선,양양지사,행치령터널(양양),102,1422,2,1종,B,2017-07-10,강원특별자치도 홍천군 서석면 수하리
서울양양선,양양지사,상남2터널(양양),105,115,2,2종,A,2017-07-10,강원특별자치도 인제군 상남면 상남리
서울양양선,양양지사,상남2터널(서울),105,115,2,2종,A,2017-07-10,강원특별자치도 인제군 상남면 상남리
서울양양선,양양지사,상남3터널(양양),107,1719,2,1종,A,2017-07-10,강원특별자치도 인제군 상남면 상남리
서울양양선,양양지사,상남3터널(서울),107,1695,2,1종,B,2017-07-10,강원특별자치도 인제군 상남면 상남리
서울양양선,양양지사,상남4터널(양양),109,1434,2,1종,B,2017-07-10,강원특별자치도 인제군 상남면 상남리
서울양양선,양양지사,상남4터널(서울),109,1427,2,1종,A,2017-07-10,강원특별자치도 인제군 상남면 상남리
서울양양선,양양지사,상남5터널(서울),111,1825,2,1종,A,2017-07-10,강원특별자치도 인제군 상남면 상남리
서울양양선,양양지사,상남5터널(양양),111,1773,2,1종,A,2017-07-10,강원특별자치도 인제군 상남면 상남리
서울양양선,양양지사,상남6터널(서울),113,1821,2,1종,A,2017-07-10,강원특별자치도 인제군 상남면 하남리
서울양양선,양양지사,상남6터널(양양),113,1816,2,1종,A,2017-07-10,강원특별자치도 인제군 상남면 하남리
서울양양선,양양지사,상남7터널(양양),116,2287,2,1종,A,2017-07-10,강원특별자치도 인제군 상남면 하남리
서울양양선,양양지사,상남7터널(서울),116,2257,2,1종,A,2017-07-10,강원특별자치도 인제군 상남면 하남리
서울양양선,양양지사,기린1터널(양양),120,114,2,2종,A,2017-07-10,강원특별자치도 인제군 기린면 현리
서울양양선,양양지사,기린1터널(서울),120,118,2,2종,A,2017-07-10,강원특별자치도 인제군 기린면 현리
서울양양선,양양지사,기린2터널(서울),120,431,2,2종,B,2017-07-10,강원특별자치도 인제군 기린면 현리
서울양양선,양양지사,기린2터널(양양),120,397,2,2종,B,2017-07-10,강원특별자치도 인제군 기린면 현리
서울양양선,양양지사,기린3터널(양양),121,162,2,2종,B,2017-07-10,강원특별자치도 인제군 기린면 현리
서울양양선,양양지사,기린3터널(서울),121,146,2,2종,B,2017-07-10,강원특별자치도 인제군 기린면 현리
서울양양선,양양지사,기린4터널(양양),121,750,2,2종,B,2017-07-10,강원특별자치도 인제군 기린면 현리
서울양양선,양양지사,기린4터널(서울),121,727,2,2종,A,2017-07-10,강원특별자치도 인제군 기린면 현리
서울양양선,양양지사,기린5터널(양양),122,1148,2,1종,A,2017-07-10,강원특별자치도 인제군 기린면 현리
서울양양선,양양지사,기린5터널(서울),122,1148,2,1종,A,2017-07-10,강원특별자치도 인제군 기린면 현리
서울양양선,양양지사,기린6터널(양양),125,2665,2,1종,A,2017-07-10,강원특별자치도 인제군 기린면 방동리
서울양양선,양양지사,기린6터널(서울),125,2666,2,1종,A,2017-07-10,강원특별자치도 인제군 기린면 방동리
서울양양선,양양지사,인제양양터널(양양),128,10962,2,1종,A,2017-07-10,강원특별자치도 인제군 기린면 진동리
서울양양선,양양지사,인제양양터널(서울),128,10965,2,1종,B,2017-07-10,강원특별자치도 인제군 기린면 진동리
서울양양선,양양지사,서면1터널(서울),139,110,2,2종,A,2017-07-10,강원특별자치도 양양군 서면 서림리
서울양양선,양양지사,서면2터널(양양),140,248,2,2종,B,2017-07-10,강원특별자치도 양양군 서면 서림리
서울양양선,양양지사,서면2터널(서울),140,212,2,2종,B,2017-07-10,강원특별자치도 양양군 서면 서림리
서울양양선,양양지사,서면3터널(양양),142,212,2,2종,A,2017-07-10,강원특별자치도 양양군 서면 영덕리
서울양양선,양양지사,서면3터널(서울),142,212,2,2종,A,2017-07-10,강원특별자치도 양양군 서면 영덕리
서울양양선,양양지사,서면4터널(양양),143,117,2,2종,B,2017-07-10,강원특별자치도 양양군 서면 영덕리
서울양양선,양양지사,서면5터널(양양),144,1311,2,1종,A,2017-07-10,강원특별자치도 양양군 서면 영덕리
서울양양선,양양지사,서면5터널(서울),144,1311,2,1종,A,2017-07-10,강원특별자치도 양양군 서면 영덕리
서울양양선,양양지사,서면6터널(양양),146,2968,2,1종,A,2017-07-10,강원특별자치도 양양군 서면 용소리
서울양양선,양양지사,서면6터널(서울),146,2917,2,1종,A,2017-07-10,강원특별자치도 양양군 서면 용소리
서울양양선,양양지사,서면7터널(서울),149,773,2,2종,A,2017-07-10,강원특별자치도 양양군 서면 수리
서울양양선,양양지사,서면7터널(양양),149,748,2,2종,A,2017-07-10,강원특별자치도 양양군 서면 수리
동해선,양양지사,양양1터널(삼척),106,531,2,2종,B,2016-12-20,강원특별자치도 양양군 양양읍 거마리
동해선,양양지사,양양1터널(속초),106,482,2,2종,B,2016-12-20,강원특별자치도 양양군 양양읍 거마리
동해선,양양지사,양양2터널(속초),107,887,2,2종,B,2016-12-20,강원특별자치도 양양군 양양읍 화일리
동해선,양양지사,양양2터널(삼척),107,874,2,2종,B,2016-12-20,강원특별자치도 양양군 양양읍 화일리
동해선,양양지사,강현1터널(속초),110,140,2,2종,A,2016-12-20,강원특별자치도 양양군 강현면 석교리
동해선,양양지사,강현1터널(삼척),110,140,2,2종,B,2016-12-20,강원특별자치도 양양군 강현면 석교리
동해선,양양지사,청대터널(속초),116,1532,2,1종,B,2016-12-20,강원특별자치도 속초시 도문동 
동해선,양양지사,청대터널(삼척),116,1570,2,1종,B,2016-12-20,강원특별자치도 속초시 도문동 
당진청주선,천안지사,염치2터널(청주),24,440,2,2종,A,2023-12-15,충청남도 아산시 염치읍 염성리
당진청주선,천안지사,염치2터널(당진),24,433,2,2종,A,2023-12-15,충청남도 아산시 염치읍 염성리
당진청주선,천안지사,현충사지하차도,29,60,4,기타,A,2023-12-15,충청남도 아산시 염치읍 백암리
당진청주선,천안지사,배방터널(당진),37,314,2,2종,A,2023-12-15,충청남도 아산시 배방읍 세교리
당진청주선,천안지사,배방터널(청주),37,314,2,2종,A,2023-12-15,충청남도 아산시 배방읍 세교리
당진청주선,천안지사,풍세1터널(당진),38,505,2,2종,A,2023-12-15,충청남도 천안시 동남구 풍세면 남관리
당진청주선,천안지사,풍세1터널(청주),38,505,2,2종,A,2023-12-15,충청남도 천안시 동남구 풍세면 남관리
당진청주선,천안지사,풍세2터널(청주),39,295,3,1종,A,2023-12-15,충청남도 천안시 동남구 풍세면 남관리
당진청주선,천안지사,풍세2터널(당진),39,302,3,1종,A,2023-12-15,충청남도 천안시 동남구 풍세면 남관리
당진청주선,천안지사,동남터널(청주),42,335,2,2종,A,2023-12-15,충청남도 천안시 동남구 구룡동 
당진청주선,천안지사,동남터널(당진),42,335,2,2종,A,2023-12-15,충청남도 천안시 동남구 구룡동 
서해안선,당진지사,운산터널(서울),244,80,2,2종,B,2001-11-20,충청남도 서산시 운산면 신창리
서해안선,당진지사,운산터널(목포),244,80,2,2종,B,2001-11-20,충청남도 서산시 운산면 신창리
서산영덕선(당진대전선),공주지사,대흥터널(당진),30,562,2,2종,A,2009-08-28,충청남도 예산군 대흥면 지곡리
서산영덕선(당진대전선),공주지사,대흥터널(대전),30,556,2,2종,A,2009-08-28,충청남도 예산군 대흥면 손지리
서산영덕선(당진대전선),공주지사,차동터널(당진),42,315,2,2종,A,2009-08-28,충청남도 공주시 유구읍 녹천리
서산영덕선(당진대전선),공주지사,차동터널(대전),42,363,2,2종,A,2009-08-28,충청남도 예산군 신양면 차동리
서산영덕선(당진대전선),공주지사,신영터널(대전),44,686,2,2종,A,2009-08-28,충청남도 공주시 유구읍 녹천리
서산영덕선(당진대전선),공주지사,신영터널(당진),44,680,2,2종,A,2009-08-28,충청남도 공주시 유구읍 신영리
서산영덕선(당진대전선),공주지사,화흥터널(당진),49,305,2,2종,A,2009-08-28,충청남도 공주시 신풍면 화흥리
서산영덕선(당진대전선),공주지사,화흥터널(대전),49,305,2,2종,A,2009-08-28,충청남도 공주시 유구읍 유구리
서산영덕선(당진대전선),공주지사,해월터널(대전),55,470,2,2종,A,2009-08-28,충청남도 공주시 사곡면 해월리
서산영덕선(당진대전선),공주지사,해월터널(당진),55,420,2,2종,A,2009-08-28,충청남도 공주시 사곡면 호계리
서산영덕선(당진대전선),공주지사,호계터널(대전),56,580,2,2종,A,2009-08-28,충청남도 공주시 사곡면 호계리
서산영덕선(당진대전선),공주지사,호계터널(당진),56,575,2,2종,A,2009-08-28,충청남도 공주시 사곡면 호계리
서산영덕선(당진대전선),공주지사,유성터널(대전),90,315,2,2종,B,2009-08-28,대전광역시 유성구 반석동 
서산영덕선(당진대전선),공주지사,유성터널(당진),90,315,2,2종,A,2009-08-28,대전광역시 유성구 하기동 
서천공주선,부여지사,서천터널(공주),5,573,2,2종,B,2009-08-28,충청남도 서천군 기산면 황사리
서천공주선,부여지사,서천터널(서천),5,573,2,2종,B,2009-08-28,충청남도 서천군 기산면 가공리
서천공주선,부여지사,가덕터널(공주),16,373,2,2종,B,2009-08-28,충청남도 서천군 마산면 나궁리
서천공주선,부여지사,가덕터널(서천),16,373,2,2종,B,2009-08-28,충청남도 부여군 옥산면 가덕리
서천공주선,부여지사,부여2터널(공주),17,250,2,2종,A,2009-08-28,충청남도 부여군 옥산면 가덕리
서천공주선,부여지사,부여2터널(서천),17,250,2,2종,A,2009-08-28,충청남도 부여군 남면 금천리
서천공주선,부여지사,부여1터널(공주),34,181,2,2종,A,2009-08-28,충청남도 부여군 은산면 신대리
서천공주선,부여지사,부여1터널(서천),34,181,2,2종,A,2009-08-28,충청남도 부여군 규암면 신성리
서천공주선,부여지사,앵봉터널(공주),46,760,2,2종,A,2009-08-29,충청남도 청양군 청남면 내직리
서천공주선,부여지사,앵봉터널(서천),46,760,2,2종,A,2009-08-29,충청남도 청양군 목면 화양리
경부선,대전지사,대전터널(서울),270,812,3,1종,B,1999-11-15,대전광역시 동구 비룡동 
경부선,대전지사,대전터널(부산),270,796,3,1종,B,1999-11-15,대전광역시 대덕구 비래동 
경부선,영동지사,황간터널(서울),219,624,3,1종,B,2006-12-06,충청북도 영동군 추풍령면 계룡리
경부선,영동지사,황간터널(부산),219,613,3,1종,A,2006-12-06,충청북도 영동군 황간면 광평리
경부선,영동지사,영동3터널(부산),238,587,3,1종,B,2015-12-22,충청북도 영동군 용산면 가곡리
경부선,영동지사,영동3터널(서울),238,484,3,1종,B,2015-12-22,충청북도 영동군 용산면 금곡리
경부선,영동지사,영동2터널(서울),239,574,3,1종,B,2015-12-22,충청북도 영동군 용산면 가곡리
경부선,영동지사,영동2터널(부산),239,654,3,1종,B,2015-12-22,충청북도 영동군 용산면 부상리
경부선,영동지사,영동1터널(서울),243,578,2,1종,B,2003-05-02,충청북도 영동군 용산면 부상리
경부선,영동지사,영동1터널(부산),243,618,2,1종,B,2003-05-02,충청북도 영동군 심천면 길현리
경부선,영동지사,옥천4터널(부산),244,868,2,1종,B,2003-05-02,충청북도 옥천군 청성면 묘금리
경부선,영동지사,옥천4터널(서울),244,873,2,1종,B,2003-05-02,충청북도 옥천군 청성면 묘금리
경부선,영동지사,옥천3터널(서울),246,1593,2,1종,B,2003-05-02,충청북도 옥천군 청성면 묘금리
경부선,영동지사,옥천3터널(부산),246,1613,2,1종,B,2003-05-02,충청북도 옥천군 청성면 고당리
경부선,영동지사,옥천2터널(서울),247,212,2,1종,B,2003-05-02,충청북도 옥천군 동이면 조령리
경부선,영동지사,옥천2터널(부산),247,210,2,1종,B,2003-05-02,충청북도 옥천군 동이면 조령리
경부선,영동지사,옥천1터널(서울),251,690,2,1종,B,2003-05-02,충청북도 옥천군 동이면 적하리
경부선,영동지사,옥천1터널(부산),251,681,2,1종,B,2003-05-02,충청북도 옥천군 동이면 적하리
경부선,영동지사,삼양터널(부산),259,336,3,1종,A,2005-12-22,충청북도 옥천군 옥천읍 서정리
경부선,영동지사,삼양터널(서울),259,361,3,1종,A,2005-12-22,충청북도 옥천군 옥천읍 문정리
경부선,영동지사,증약터널(서울),265,755,3,1종,A,1999-11-30,충청북도 옥천군 군북면 증약리
경부선,영동지사,증약터널(부산),265,755,3,1종,A,1999-11-30,대전광역시 동구 신상동 
대전남부순환선,영동지사,구봉터널(산내),3,786,2,2종,B,2000-12-23,대전광역시 서구 관저동 
대전남부순환선,영동지사,구봉터널(서대전),3,795,2,2종,A,2000-12-23,대전광역시 서구 괴곡동 
대전남부순환선,영동지사,TEST(서대전),3,795,2,2종,,2000-12-23,대전광역시 서구 괴곡동 
대전남부순환선,영동지사,안영1터널(서대전),4,738,2,2종,B,2000-12-23,대전광역시 중구 안영동 
대전남부순환선,영동지사,안영1터널(산내),4,718,2,2종,A,2000-12-23,대전광역시 서구 괴곡동 
대전남부순환선,영동지사,안영2터널(산내),6,600,2,2종,B,2000-12-23,대전광역시 중구 안영동 
대전남부순환선,영동지사,안영2터널(서대전),6,600,2,2종,B,2000-12-23,대전광역시 중구 침산동 
대전남부순환선,영동지사,구완터널(산내),11,622,2,2종,A,2000-12-23,대전광역시 중구 구완동 
대전남부순환선,영동지사,구완터널(서대전),11,622,2,2종,A,2000-12-23,대전광역시 동구 이사동 
완주장수선,진안지사,소양1터널(장수),20,745,3,1종,B,2007-12-22,전북특별자치도 완주군 소양면 화심리
완주장수선,진안지사,소양1터널(익산),20,705,2,2종,B,2007-12-22,전북특별자치도 완주군 소양면 해월리
완주장수선,진안지사,소양2터널(장수),23,360,3,1종,B,2007-12-22,전북특별자치도 완주군 상관면 의암리
완주장수선,진안지사,소양2터널(익산),23,195,2,2종,B,2007-12-22,전북특별자치도 완주군 소양면 화심리
완주장수선,진안지사,상관1터널(장수),23,125,3,1종,B,2007-12-22,전북특별자치도 완주군 상관면 의암리
완주장수선,진안지사,상관1터널(익산),23,130,2,2종,B,2007-12-22,전북특별자치도 완주군 상관면 의암리
완주장수선,진안지사,상관2터널(장수),26,336,3,1종,B,2007-12-22,전북특별자치도 완주군 소양면 신촌리
완주장수선,진안지사,상관2터널(익산),26,356,2,2종,B,2007-12-22,전북특별자치도 완주군 상관면 의암리
완주장수선,진안지사,곰티터널(장수),27,2307,2,1종,B,2007-12-22,전북특별자치도 진안군 부귀면 세동리
완주장수선,진안지사,곰티터널(익산),27,2281,2,1종,B,2007-12-22,전북특별자치도 완주군 소양면 신촌리
완주장수선,진안지사,부귀1터널(장수),31,675,2,2종,B,2007-12-22,전북특별자치도 진안군 부귀면 신정리
완주장수선,진안지사,부귀1터널(익산),31,698,2,2종,B,2007-12-22,전북특별자치도 진안군 부귀면 세동리
완주장수선,진안지사,부귀2터널(장수),31,810,2,2종,B,2007-12-22,전북특별자치도 진안군 마령면 덕천리
완주장수선,진안지사,부귀2터널(익산),31,810,2,2종,B,2007-12-22,전북특별자치도 진안군 부귀면 신정리
완주장수선,진안지사,진안1터널(장수),39,283,2,2종,B,2007-12-22,전북특별자치도 진안군 진안읍 연장리
완주장수선,진안지사,진안1터널(익산),39,239,2,2종,B,2007-12-22,전북특별자치도 진안군 진안읍 연장리
완주장수선,진안지사,진안2터널(장수),40,690,2,2종,B,2007-12-22,전북특별자치도 진안군 진안읍 단양리
완주장수선,진안지사,진안2터널(익산),40,678,2,2종,B,2007-12-22,전북특별자치도 진안군 진안읍 정곡리
완주장수선,진안지사,진안3터널(장수),47,437,2,2종,B,2007-12-22,전북특별자치도 진안군 진안읍 죽산리
완주장수선,진안지사,진안3터널(익산),47,442,2,2종,B,2007-12-22,전북특별자치도 진안군 진안읍 물곡리
완주장수선,진안지사,방곡터널(장수),51,928,2,2종,B,2007-12-22,전북특별자치도 장수군 천천면 춘송리
완주장수선,진안지사,방곡터널(익산),51,928,2,2종,B,2007-12-22,전북특별자치도 진안군 진안읍 오천리
완주장수선,진안지사,장수터널(장수),54,2700,2,1종,B,2007-12-22,전북특별자치도 장수군 계남면 침곡리
완주장수선,진안지사,장수터널(익산),54,2676,2,1종,B,2007-12-22,전북특별자치도 장수군 천천면 춘송리
순천완주선,진안지사,관촌1터널(순천),90,469,2,2종,B,2010-12-30,전북특별자치도 임실군 관촌면 덕천리
순천완주선,진안지사,관촌1터널(완주),90,492,2,2종,B,2010-12-30,전북특별자치도 임실군 관촌면 덕천리
순천완주선,진안지사,관촌2터널(순천),91,420,2,2종,B,2010-12-30,전북특별자치도 임실군 관촌면 덕천리
순천완주선,진안지사,관촌2터널(완주),91,401,2,2종,B,2010-12-30,전북특별자치도 임실군 관촌면 덕천리
순천완주선,진안지사,슬치터널(완주),95,1189,2,1종,A,2010-12-30,전북특별자치도 임실군 관촌면 슬치리
순천완주선,진안지사,슬치터널(순천),95,1172,2,1종,A,2010-12-30,전북특별자치도 완주군 상관면 용암리
순천완주선,진안지사,용암1터널(순천),97,549,2,2종,B,2010-12-30,전북특별자치도 완주군 상관면 용암리
순천완주선,진안지사,용암1터널(완주),97,529,2,2종,B,2010-12-30,전북특별자치도 완주군 상관면 용암리
순천완주선,진안지사,용암2터널(완주),97,551,2,2종,A,2010-12-30,전북특별자치도 완주군 상관면 용암리
순천완주선,진안지사,용암2터널(순천),97,545,2,2종,A,2010-12-30,전북특별자치도 완주군 상관면 용암리
순천완주선,진안지사,용암3터널(완주),98,231,2,2종,A,2010-12-30,전북특별자치도 완주군 상관면 용암리
순천완주선,진안지사,용암3터널(순천),98,232,2,2종,A,2010-12-30,전북특별자치도 완주군 상관면 용암리
순천완주선,진안지사,용암4터널(순천),99,1125,2,1종,A,2010-12-30,전북특별자치도 완주군 상관면 용암리
순천완주선,진안지사,용암4터널(완주),99,1113,2,1종,A,2010-12-30,전북특별자치도 완주군 상관면 죽림리
순천완주선,진안지사,죽림1터널(완주),100,656,2,2종,B,2010-12-30,전북특별자치도 완주군 상관면 죽림리
순천완주선,진안지사,죽림1터널(순천),100,644,2,2종,B,2010-12-30,전북특별자치도 완주군 상관면 죽림리
순천완주선,진안지사,죽림2터널(순천),101,235,2,2종,B,2010-12-30,전북특별자치도 완주군 상관면 죽림리
순천완주선,진안지사,죽림2터널(완주),101,254,2,2종,B,2010-12-30,전북특별자치도 완주군 상관면 죽림리
순천완주선,진안지사,죽림3터널(순천),101,495,2,2종,B,2010-12-30,전북특별자치도 완주군 상관면 죽림리
순천완주선,진안지사,죽림3터널(완주),101,499,2,2종,B,2010-12-30,전북특별자치도 완주군 상관면 죽림리
순천완주선,진안지사,신리1터널(완주),102,171,2,2종,B,2010-12-30,전북특별자치도 완주군 상관면 죽림리
순천완주선,진안지사,신리1터널(순천),102,105,2,2종,B,2010-12-30,전북특별자치도 완주군 상관면 신리
순천완주선,진안지사,신리2터널(순천),105,885,2,2종,B,2010-12-30,전북특별자치도 완주군 상관면 신리
순천완주선,진안지사,신리2터널(완주),105,864,2,2종,B,2010-12-30,전북특별자치도 완주군 상관면 신리
순천완주선,진안지사,신리3터널(완주),106,593,2,2종,B,2010-12-30,전북특별자치도 완주군 상관면 신리
순천완주선,진안지사,신리3터널(순천),106,623,2,2종,B,2010-12-30,전북특별자치도 전주시 완산구 색장동
순천완주선,진안지사,완산터널(완주),109,591,2,2종,B,2010-12-30,전북특별자치도 전주시 완산구 색장동
순천완주선,진안지사,완산터널(순천),109,617,2,2종,B,2010-12-30,전북특별자치도 전주시 덕진구 우아동1가
순천완주선,진안지사,덕진1터널(완주),110,1054,2,1종,B,2010-12-30,전북특별자치도 전주시 덕진구 우아동1가
순천완주선,진안지사,덕진1터널(순천),110,1022,2,1종,B,2010-12-30,전북특별자치도 전주시 덕진구 금상동
순천완주선,진안지사,덕진2터널(완주),112,158,2,2종,A,2010-12-30,전북특별자치도 전주시 덕진구 금상동
순천완주선,진안지사,덕진2터널(순천),112,158,2,2종,B,2010-12-30,전북특별자치도 전주시 덕진구 금상동
순천완주선,진안지사,덕진3터널(완주),112,124,2,2종,B,2010-12-30,전북특별자치도 전주시 덕진구 금상동
순천완주선,진안지사,덕진3터널(순천),112,124,2,2종,B,2010-12-30,전북특별자치도 전주시 덕진구 금상동
서해안선,부안지사,대명터널(서울),144,330,2,2종,B,1997-12-29,전북특별자치도 군산시 성산면 대명리
서해안선,부안지사,대명터널(목포),144,330,2,2종,B,1997-12-29,전북특별자치도 군산시 성산면 대명리
통영대전선/중부선,무주지사,육십령터널(하남),128,3170,2,1종,B,2001-12-10,전북특별자치도 장수군 장계면 오동리
통영대전선/중부선,무주지사,육십령터널(통영),128,3170,2,1종,B,2001-12-10,전북특별자치도 장수군 장계면 오동리
통영대전선/중부선,무주지사,오동터널(통영),132,535,3,1종,B,2001-11-29,전북특별자치도 장수군 장계면 오동리
통영대전선/중부선,무주지사,오동터널(하남),132,530,2,2종,B,2001-11-29,전북특별자치도 장수군 장계면 오동리
통영대전선/중부선,무주지사,집재터널(통영),139,408,2,2종,B,2001-11-29,전북특별자치도 장수군 계북면 매계리
통영대전선/중부선,무주지사,집재터널(하남),139,405,3,1종,B,2001-11-29,전북특별자치도 장수군 계북면 매계리
통영대전선/중부선,무주지사,오도재터널(하남),154,1168,2,1종,B,2001-11-29,전북특별자치도 무주군 적상면 삼가리
통영대전선/중부선,무주지사,오도재터널(통영),154,1156,2,1종,B,2001-11-29,전북특별자치도 무주군 적상면 삼가리
통영대전선/중부선,무주지사,적상터널(하남),158,545,2,2종,B,2001-11-29,전북특별자치도 무주군 적상면 삼가리
통영대전선/중부선,무주지사,적상터널(통영),158,545,2,2종,B,2001-11-29,전북특별자치도 무주군 적상면 삼가리
통영대전선/중부선,무주지사,가옥터널(하남),164,640,2,2종,B,2001-11-29,전북특별자치도 무주군 무주읍 가옥리
통영대전선/중부선,무주지사,가옥터널(통영),164,620,2,2종,B,2001-11-29,전북특별자치도 무주군 무주읍 가옥리
통영대전선/중부선,무주지사,마달터널(통영),200,720,3,1종,B,2000-12-11,대전광역시 동구 삼괴동 
통영대전선/중부선,무주지사,마달터널(하남),200,660,2,2종,B,2000-12-11,대전광역시 동구 삼괴동 
서해안선,보령지사,종천터널(서울),163,819,2,2종,B,2001-11-20,충청남도 서천군 종천면 산천리
서해안선,보령지사,종천터널(목포),163,879,2,2종,B,2001-11-20,충청남도 서천군 종천면 당정리
서해안선,보령지사,비인터널(서울),170,776,2,2종,B,2001-11-20,충청남도 서천군 비인면 율리
서해안선,보령지사,비인터널(목포),170,790,2,2종,B,2001-11-20,충청남도 서천군 비인면 성북리
서해안선,보령지사,웅천터널(서울),177,500,2,2종,B,2001-11-20,충청남도 보령시 주산면 증산리
서해안선,보령지사,웅천터널(목포),177,520,2,2종,B,2001-11-20,충청남도 보령시 주산면 증산리
남해선(순천부산),순천지사,서순천IC지하차도,0,54,1,3종,A,2002-10-30,전라남도 순천시 서면 동산리
남해선(순천부산),순천지사,광양터널(순천),18,240,2,2종,B,1992-12-25,전라남도 광양시 광양읍 죽림리
남해선(순천부산),순천지사,광양터널(부산),18,270,2,2종,B,1992-12-25,전라남도 광양시 광양읍 죽림리
논산천안선/호남선,순천지사,순천2터널(천안),5,861,3,1종,B,1996-12-25,전라남도 순천시 승주읍 신성리
논산천안선/호남선,순천지사,순천2터널(순천),5,881,3,1종,B,1996-12-25,전라남도 순천시 승주읍 신성리
논산천안선/호남선,순천지사,순천1터널(천안),15,430,2,2종,B,1996-12-25,전라남도 순천시 승주읍 두월리
논산천안선/호남선,순천지사,순천1터널(순천),15,430,2,2종,A,1996-12-25,전라남도 순천시 승주읍 두월리
논산천안선/호남선,순천지사,석곡터널(순천),30,380,2,2종,B,1996-12-25,전라남도 곡성군 석곡면 석곡리
논산천안선/호남선,순천지사,석곡터널(천안),30,391,2,2종,B,1996-12-25,전라남도 곡성군 석곡면 석곡리
광주대구선,담양지사,담양2터널(대구),15,955,2,2종,B,2006-12-17,전라남도 담양군 담양읍 학동리
광주대구선,담양지사,담양2터널(광주),15,918,2,2종,B,2006-12-17,전라남도 담양군 담양읍 학동리
광주대구선,담양지사,담양1터널(대구),16,680,2,2종,B,2006-12-17,전라남도 담양군 담양읍 학동리
광주대구선,담양지사,담양1터널(광주),16,685,2,2종,B,2006-12-17,전라남도 담양군 담양읍 학동리
논산천안선/호남선,담양지사,대덕터널(천안),59,408,2,2종,B,1996-11-22,전라남도 담양군 대덕면 문학리
논산천안선/호남선,담양지사,대덕터널(순천),59,408,2,2종,A,1996-11-22,전라남도 담양군 대덕면 운암리
고창담양선,담양지사,고창터널(담양),6,568,2,2종,A,2007-11-27,전북특별자치도 고창군 고수면 은사리
고창담양선,담양지사,고창터널(고창),6,319,2,2종,A,2007-11-27,전북특별자치도 고창군 고수면 은사리
고창담양선,담양지사,문수산터널(담양),7,3805,2,1종,A,2007-11-27,전북특별자치도 고창군 고수면 은사리
고창담양선,담양지사,문수산터널(고창),7,3820,2,1종,A,2007-11-27,전라남도 장성군 서삼면 대덕리
고창담양선,담양지사,장성1터널(담양),15,401,2,2종,A,2007-11-27,전라남도 장성군 장성읍 안평리
고창담양선,담양지사,장성1터널(고창),15,430,2,2종,A,2007-11-27,전라남도 장성군 장성읍 부흥리
고창담양선,담양지사,장성2터널(담양),18,1245,2,1종,B,2006-12-10,전라남도 장성군 장성읍 유탕리
고창담양선,담양지사,장성2터널(고창),18,1253,2,1종,B,2006-12-10,전라남도 장성군 장성읍 유탕리
고창담양선,담양지사,장성3터널(담양),20,3598,2,1종,B,2006-12-10,전라남도 장성군 장성읍 유탕리
고창담양선,담양지사,장성3터널(고창),20,3581,2,1종,B,2006-12-10,전라남도 장성군 진원면 진원리
고창담양선,담양지사,장성4터널(담양),24,805,2,2종,A,2006-12-10,전라남도 장성군 진원면 진원리
고창담양선,담양지사,장성4터널(고창),24,797,2,2종,A,2006-12-10,전라남도 장성군 진원면 상림리
고창담양선,담양지사,송강정터널(담양),35,126,2,2종,A,2006-12-10,전라남도 담양군 봉산면 양지리
고창담양선,담양지사,송강정터널(고창),35,126,2,2종,A,2006-12-10,전라남도 담양군 봉산면 양지리
순천완주선,구례지사,태방터널(완주),3,905,2,2종,B,2011-07-12,전라남도 광양시 광양읍 덕례리
순천완주선,구례지사,태방터널(순천),3,893,2,2종,B,2011-07-12,전라남도 광양시 광양읍 덕례리
순천완주선,구례지사,서면1터널(완주),8,1687,2,1종,B,2011-07-14,전라남도 순천시 서면 압곡리
순천완주선,구례지사,서면1터널(순천),8,1682,2,1종,B,2011-07-14,전라남도 순천시 서면 압곡리
순천완주선,구례지사,서면2터널(완주),11,1049,2,1종,B,2011-07-14,전라남도 순천시 서면 판교리
순천완주선,구례지사,서면2터널(순천),11,1007,2,1종,B,2011-07-14,전라남도 순천시 서면 판교리
순천완주선,구례지사,서면3터널(순천),13,354,2,2종,B,2011-07-14,전라남도 순천시 서면 청소리
순천완주선,구례지사,서면3터널(완주),13,337,2,2종,B,2011-07-14,전라남도 순천시 서면 청소리
순천완주선,구례지사,서면4터널(순천),14,479,2,2종,A,2011-07-14,전라남도 순천시 서면 청소리
순천완주선,구례지사,서면4터널(완주),14,475,2,2종,B,2011-07-14,전라남도 순천시 서면 청소리
순천완주선,구례지사,서면5터널(완주),15,2308,2,1종,B,2011-07-14,전라남도 순천시 서면 청소리
순천완주선,구례지사,서면5터널(순천),15,2290,2,1종,B,2011-07-14,전라남도 순천시 서면 청소리
순천완주선,구례지사,황전1터널(완주),18,1517,2,1종,B,2011-07-14,전라남도 순천시 황전면 평촌리
순천완주선,구례지사,황전1터널(순천),18,1453,2,1종,B,2011-07-14,전라남도 순천시 황전면 평촌리
순천완주선,구례지사,황전2터널(순천),21,400,2,2종,B,2011-07-12,전라남도 순천시 황전면 모전리
순천완주선,구례지사,황전2터널(완주),21,420,2,2종,B,2011-07-12,전라남도 순천시 황전면 모전리
순천완주선,구례지사,황전3터널(완주),26,895,2,2종,B,2011-07-12,전라남도 순천시 황전면 선변리
순천완주선,구례지사,황전3터널(순천),26,877,2,2종,B,2011-07-12,전라남도 순천시 황전면 선변리
순천완주선,구례지사,구례1터널(순천),28,1655,2,1종,B,2011-07-14,전라남도 구례군 구례읍 신월리
순천완주선,구례지사,구례1터널(완주),28,1625,2,1종,B,2011-07-14,전라남도 구례군 구례읍 신월리
순천완주선,구례지사,구례2터널(완주),33,1313,2,1종,B,2011-07-14,전라남도 구례군 구례읍 산성리
순천완주선,구례지사,구례2터널(순천),33,1311,2,1종,A,2011-07-14,전라남도 구례군 구례읍 산성리
순천완주선,구례지사,용방1터널(완주),39,125,2,2종,B,2011-10-06,전라남도 구례군 용방면 신도리
순천완주선,구례지사,용방1터널(순천),40,125,2,2종,B,2011-10-06,전라남도 구례군 용방면 신도리
순천완주선,구례지사,용방2터널(완주),40,1310,2,1종,B,2011-10-06,전라남도 구례군 용방면 죽정리
순천완주선,구례지사,용방2터널(순천),42,1295,2,1종,B,2011-10-06,전라남도 구례군 용방면 죽정리
순천완주선,구례지사,천마터널(완주),42,3987,2,1종,B,2011-07-14,전라남도 구례군 산동면 둔사리
순천완주선,구례지사,천마터널(순천),42,3944,2,1종,B,2011-07-14,전라남도 구례군 산동면 둔사리
순천완주선,구례지사,사매1터널(완주),64,1004,2,1종,A,2010-12-23,전북특별자치도 남원시 대산면 길곡리
순천완주선,구례지사,사매1터널(순천),64,1123,2,1종,A,2010-12-23,전북특별자치도 남원시 대산면 길곡리
순천완주선,구례지사,사매2터널(완주),66,712,2,2종,B,2010-12-23,전북특별자치도 남원시 사매면 계수리
순천완주선,구례지사,사매2터널(순천),66,726,2,2종,B,2010-12-23,전북특별자치도 남원시 사매면 계수리
순천완주선,구례지사,사매3터널(완주),67,467,2,2종,A,2010-12-23,전북특별자치도 남원시 사매면 서도리
순천완주선,구례지사,사매3터널(순천),67,474,2,2종,A,2010-12-23,전북특별자치도 남원시 사매면 서도리
순천완주선,구례지사,사매4터널(순천),69,517,2,2종,B,2010-12-23,전북특별자치도 남원시 사매면 서도리
순천완주선,구례지사,사매4터널(완주),69,202,2,2종,A,2010-12-23,전북특별자치도 남원시 사매면 서도리
순천완주선,구례지사,오수1터널(완주),70,1274,2,1종,B,2010-12-23,전북특별자치도 임실군 오수면 둔덕리
순천완주선,구례지사,오수1터널(순천),70,1281,2,1종,A,2010-12-23,전북특별자치도 임실군 오수면 둔덕리
순천완주선,구례지사,오수2터널(순천),79,823,2,2종,B,2010-12-23,전북특별자치도 임실군 오수면 군평리
순천완주선,구례지사,오수2터널(완주),79,850,2,2종,B,2010-12-23,전북특별자치도 임실군 오수면 군평리
남해선(영암순천),보성지사,영암1터널(순천),2,612,2,2종,A,2012-06-14,전라남도 영암군 학산면 신덕리
남해선(영암순천),보성지사,영암1터널(영암),2,617,2,2종,A,2012-06-14,전라남도 영암군 학산면 신덕리
남해선(영암순천),보성지사,영암2터널(영암),3,497,2,2종,A,2012-06-14,전라남도 영암군 학산면 신덕리
남해선(영암순천),보성지사,영암2터널(순천),3,510,2,2종,A,2012-06-14,전라남도 영암군 학산면 신덕리
남해선(영암순천),보성지사,영암3터널(영암),6,250,2,2종,A,2012-06-14,전라남도 영암군 학산면 독천리
남해선(영암순천),보성지사,영암3터널(순천),6,250,2,2종,A,2012-06-14,전라남도 영암군 학산면 독천리
남해선(영암순천),보성지사,밤재터널(순천),15,655,2,2종,A,2012-10-18,전라남도 영암군 학산면 묵동리
남해선(영암순천),보성지사,밤재터널(영암),15,669,2,2종,A,2012-10-18,전라남도 영암군 학산면 묵동리
남해선(영암순천),보성지사,강진1터널(순천),22,659,2,2종,A,2012-10-18,전라남도 강진군 성전면 수양리
남해선(영암순천),보성지사,강진1터널(영암),22,667,2,2종,A,2012-10-18,전라남도 강진군 성전면 수양리
남해선(영암순천),보성지사,강진2터널(순천),26,685,2,2종,B,2012-06-14,전라남도 강진군 작천면 평기리
남해선(영암순천),보성지사,강진2터널(영암),26,675,2,2종,B,2012-06-14,전라남도 강진군 작천면 삼당리
남해선(영암순천),보성지사,강진3터널(순천),27,1255,2,1종,B,2012-06-14,전라남도 강진군 작천면 삼당리
남해선(영암순천),보성지사,강진3터널(영암),27,1265,2,1종,B,2012-06-14,전라남도 강진군 작천면 삼당리
남해선(영암순천),보성지사,강진4터널(순천),32,1260,2,1종,B,2012-06-14,전라남도 강진군 병영면 삭양리
남해선(영암순천),보성지사,강진4터널(영암),32,1270,2,1종,B,2012-06-14,전라남도 강진군 병영면 삭양리
남해선(영암순천),보성지사,장흥1터널(순천),33,445,2,2종,A,2012-06-14,전라남도 장흥군 장흥읍 성불리
남해선(영암순천),보성지사,장흥1터널(영암),33,380,2,2종,A,2012-06-14,전라남도 장흥군 장흥읍 성불리
남해선(영암순천),보성지사,장흥2터널(순천),35,434,2,2종,A,2012-06-14,전라남도 장흥군 장흥읍 성불리
남해선(영암순천),보성지사,장흥2터널(영암),35,428,2,2종,B,2012-06-14,전라남도 장흥군 장흥읍 성불리
남해선(영암순천),보성지사,장흥3터널(순천),36,464,2,2종,A,2012-06-14,전라남도 장흥군 장흥읍 연산리
남해선(영암순천),보성지사,장흥3터널(영암),36,493,2,2종,A,2012-06-14,전라남도 장흥군 장흥읍 연산리
남해선(영암순천),보성지사,제암산1터널(순천),42,439,2,2종,A,2012-06-14,전라남도 장흥군 부산면 호계리
남해선(영암순천),보성지사,제암산1터널(영암),42,456,2,2종,A,2012-06-14,전라남도 장흥군 부산면 호계리
남해선(영암순천),보성지사,제암산2터널(순천),43,742,2,2종,B,2012-06-14,전라남도 장흥군 부산면 호계리
남해선(영암순천),보성지사,제암산2터널(영암),43,694,2,2종,B,2012-06-14,전라남도 장흥군 부산면 호계리
남해선(영암순천),보성지사,장동1터널(영암),46,1735,2,1종,A,2012-06-14,전라남도 장흥군 장동면 용곡리
남해선(영암순천),보성지사,장동1터널(순천),46,1705,2,1종,A,2012-06-14,전라남도 장흥군 장동면 용곡리
남해선(영암순천),보성지사,장동2터널(순천),48,204,2,2종,A,2012-06-14,전라남도 장흥군 장동면 북교리
남해선(영암순천),보성지사,장동2터널(영암),48,191,2,2종,A,2012-06-14,전라남도 장흥군 장동면 북교리
남해선(영암순천),보성지사,장동3터널(순천),49,519,2,2종,A,2012-06-14,전라남도 장흥군 장동면 조양리
남해선(영암순천),보성지사,장동3터널(영암),49,547,2,2종,A,2012-06-14,전라남도 장흥군 장동면 조양리
남해선(영암순천),보성지사,보성터널(순천),51,1179,2,1종,A,2012-06-14,전라남도 보성군 보성읍 대야리
남해선(영암순천),보성지사,보성터널(영암),51,1154,2,1종,A,2012-06-14,전라남도 보성군 보성읍 대야리
남해선(영암순천),보성지사,노동1터널(순천),56,652,2,2종,B,2012-06-14,전라남도 보성군 노동면 용호리
남해선(영암순천),보성지사,노동1터널(영암),56,614,2,2종,B,2012-06-14,전라남도 보성군 노동면 용호리
남해선(영암순천),보성지사,노동2터널(순천),57,195,2,2종,A,2012-06-14,전라남도 보성군 노동면 광곡리
남해선(영암순천),보성지사,노동2터널(영암),57,145,2,2종,A,2012-06-14,전라남도 보성군 노동면 광곡리
남해선(영암순천),보성지사,미력1터널(순천),59,741,2,2종,B,2012-06-14,전라남도 보성군 노동면 명봉리
남해선(영암순천),보성지사,미력1터널(영암),59,730,2,2종,B,2012-06-14,전라남도 보성군 노동면 명봉리
남해선(영암순천),보성지사,미력2터널(순천),60,124,2,2종,A,2012-06-14,전라남도 보성군 미력면 용정리
남해선(영암순천),보성지사,초암산터널(순천),71,2211,2,1종,A,2012-06-14,전라남도 보성군 겸백면 수남리
남해선(영암순천),보성지사,초암산터널(영암),71,2213,2,1종,A,2012-06-14,전라남도 보성군 겸백면 수남리
남해선(영암순천),보성지사,조성1터널(순천),73,666,2,2종,A,2012-06-14,전라남도 보성군 조성면 대곡리
남해선(영암순천),보성지사,조성1터널(영암),73,645,2,2종,A,2012-06-14,전라남도 보성군 조성면 대곡리
남해선(영암순천),보성지사,조성2터널(순천),75,1384,2,1종,A,2012-06-14,전라남도 보성군 조성면 축내리
남해선(영암순천),보성지사,조성2터널(영암),75,1408,2,1종,A,2012-06-14,전라남도 보성군 조성면 축내리
남해선(영암순천),보성지사,벌교1터널(순천),77,301,2,2종,A,2012-06-14,전라남도 보성군 조성면 신월리
남해선(영암순천),보성지사,벌교1터널(영암),77,269,2,2종,A,2012-06-14,전라남도 보성군 벌교읍 옥전리
남해선(영암순천),보성지사,벌교2터널(순천),77,572,2,2종,A,2012-06-14,전라남도 보성군 벌교읍 옥전리
남해선(영암순천),보성지사,벌교2터널(영암),77,499,2,2종,A,2012-06-14,전라남도 보성군 벌교읍 옥전리
남해선(영암순천),보성지사,벌교3터널(순천),82,1980,2,1종,A,2012-06-14,전라남도 보성군 벌교읍 마동리
남해선(영암순천),보성지사,벌교3터널(영암),82,1960,2,1종,A,2012-06-14,전라남도 보성군 벌교읍 마동리
남해선(영암순천),보성지사,고흥터널(순천),85,950,2,2종,A,2012-06-14,전라남도 고흥군 동강면 한천리
남해선(영암순천),보성지사,고흥터널(영암),85,930,2,2종,A,2012-06-14,전라남도 고흥군 동강면 한천리
남해선(영암순천),보성지사,호동터널(순천),90,366,2,2종,A,2012-06-14,전라남도 보성군 벌교읍 호동리
남해선(영암순천),보성지사,호동터널(영암),90,314,2,2종,A,2012-06-14,전라남도 보성군 벌교읍 호동리
남해선(영암순천),보성지사,별량1터널(순천),91,864,2,2종,A,2012-06-14,전라남도 순천시 별량면 금치리
남해선(영암순천),보성지사,별량1터널(영암),91,872,2,2종,A,2012-06-14,전라남도 승주군 별량면 금치리
남해선(영암순천),보성지사,별량2터널(순천),93,1121,2,1종,A,2012-06-14,전라남도 순천시 별량면 송기리
남해선(영암순천),보성지사,별량2터널(영암),93,1117,2,1종,A,2012-06-14,전라남도 순천시 별량면 송기리
남해선(영암순천),보성지사,별량3터널(순천),94,588,2,2종,A,2012-06-14,전라남도 순천시 별량면 원창리
남해선(영암순천),보성지사,별량3터널(영암),94,613,2,2종,B,2012-06-14,전라남도 순천시 별량면 원창리
남해선(영암순천),보성지사,해룡터널(순천),105,1419,2,1종,A,2012-06-14,전라남도 순천시 해룡면 도롱리
남해선(영암순천),보성지사,해룡터널(영암),105,1424,2,1종,A,2012-06-14,전라남도 순천시 해룡면 도롱리
논산천안선/호남선,광주지사,못재터널(천안),92,1014,2,1종,A,2012-12-21,전라남도 장성군 장성읍 단광리
논산천안선/호남선,광주지사,못재터널(순천),92,1022,2,1종,A,2012-12-21,전라남도 장성군 장성읍 단광리
논산천안선/호남선,광주지사,원덕터널(천안),113,928,2,2종,B,2005-06-20,전라남도 장성군 북이면 원덕리
논산천안선/호남선,광주지사,원덕터널(순천),113,856,2,2종,B,2005-06-20,전라남도 장성군 북이면 원덕리
논산천안선/호남선,광주지사,호남터널(천안),116,694,2,2종,B,1973-11-10,전북특별자치도 정읍시 입암면 등천리
논산천안선/호남선,광주지사,호남터널(순천),116,740,2,2종,B,1986-09-11,전북특별자치도 정읍시 입암면 등천리
무안광주선,함평지사,보평터널(광주),7,937,2,2종,B,2007-12-24,전라남도 무안군 무안읍 매곡리
무안광주선,함평지사,보평터널(무안),7,937,2,2종,A,2007-12-24,전라남도 무안군 무안읍 매곡리
무안광주선,함평지사,함평나비터널(무안),19,860,2,2종,A,2007-12-24,전라남도 함평군 대동면 금곡리
무안광주선,함평지사,함평나비터널(광주),19,862,2,2종,B,2007-12-24,전라남도 함평군 대동면 금곡리
무안광주선,함평지사,문평1터널(광주),22,342,2,2종,B,2007-12-24,전라남도 나주시 문평면 송산리
무안광주선,함평지사,문평1터널(무안),22,300,2,2종,B,2007-12-24,전라남도 나주시 문평면 송산리
무안광주선,함평지사,문평2터널(광주),23,328,2,2종,B,2007-12-24,전라남도 나주시 문평면 대도리
무안광주선,함평지사,문평2터널(무안),23,343,2,2종,B,2007-12-24,전라남도 나주시 문평면 대도리
무안광주선,함평지사,문평3터널(광주),23,255,2,2종,B,2007-12-24,전라남도 나주시 문평면 대도리
무안광주선,함평지사,문평3터널(무안),23,260,2,2종,B,2007-12-24,전라남도 나주시 문평면 대도리
무안광주선,함평지사,문평4터널(광주),24,202,2,2종,B,2007-12-24,전라남도 나주시 문평면 계로리
무안광주선,함평지사,문평4터널(무안),24,235,2,2종,B,2007-12-24,전라남도 나주시 문평면 계로리
무안광주선,함평지사,문평5터널(광주),25,690,2,2종,A,2007-12-24,전라남도 나주시 문평면 대도리
무안광주선,함평지사,문평5터널(무안),25,724,2,2종,B,2007-12-24,전라남도 나주시 문평면 대도리
무안광주선,함평지사,노안터널(광주),28,1190,2,1종,B,2007-12-24,전라남도 나주시 문평면 국동리
무안광주선,함평지사,노안터널(무안),28,1180,2,1종,B,2007-12-25,전라남도 나주시 문평면 국동리
무안광주선,함평지사,어등산호남대터널(광주),39,1486,2,1종,B,2008-08-28,광주광역시 광산구 용곡동 
무안광주선,함평지사,어등산호남대터널(무안),39,1487,2,1종,B,2008-08-28,광주광역시 광산구 용곡동 
서해안선,함평지사,몽탄3터널(서울),12,590,2,2종,B,1998-10-01,전라남도 무안군 몽탄면 약곡리
서해안선,함평지사,몽탄3터널(목포),12,550,2,2종,B,1998-10-01,전라남도 무안군 몽탄면 약곡리
서해안선,함평지사,몽탄2터널(서울),15,540,2,2종,B,1998-10-01,전라남도 무안군 몽탄면 구산리
서해안선,함평지사,몽탄2터널(목포),15,550,2,2종,B,1998-10-01,전라남도 무안군 몽탄면 구산리
서해안선,함평지사,몽탄1터널(서울),16,280,2,2종,B,1998-10-01,전라남도 무안군 몽탄면 내리
서해안선,함평지사,몽탄1터널(목포),16,290,2,2종,B,1998-10-01,전라남도 무안군 몽탄면 내리
서해안선,함평지사,무안4터널(서울),18,310,2,2종,B,1998-10-21,전라남도 무안군 몽탄면 다산리
서해안선,함평지사,무안4터널(목포),18,280,2,2종,B,1998-10-21,전라남도 무안군 몽탄면 다산리
서해안선,함평지사,무안3터널(서울),19,280,2,2종,B,1998-10-21,전라남도 무안군 무안읍 성암리
서해안선,함평지사,무안3터널(목포),19,280,2,2종,B,1998-10-21,전라남도 무안군 무안읍 성암리
서해안선,함평지사,무안2터널(서울),20,310,2,2종,B,1998-10-21,전라남도 무안군 무안읍 성동리
서해안선,함평지사,무안2터널(목포),20,320,2,2종,B,1998-10-21,전라남도 무안군 무안읍 성동리
서해안선,함평지사,무안1터널(서울),22,480,2,2종,B,1998-10-21,전라남도 무안군 무안읍 성동리
서해안선,함평지사,무안1터널(목포),22,480,2,2종,A,1998-10-21,전라남도 무안군 무안읍 성동리
서해안선,함평지사,함평터널(서울),38,440,2,2종,B,2001-12-29,전라남도 함평군 신광면 계천리
서해안선,함평지사,함평터널(목포),38,450,2,2종,B,2001-12-21,전라남도 함평군 신광면 계천리
서해안선,함평지사,영광2터널(서울),49,590,2,2종,A,2001-12-21,전라남도 영광군 군서면 보라리
서해안선,함평지사,영광2터널(목포),49,560,2,2종,A,2001-12-21,전라남도 영광군 군서면 보라리
서해안선,함평지사,영광1터널(목포),53,870,2,2종,B,2001-12-21,전라남도 영광군 묘량면 영양리
서해안선,함평지사,영광1터널(서울),53,860,2,2종,B,2001-12-21,전라남도 영광군 묘량면 영양리
광주대구선,남원지사,남원터널(대구),42,1601,2,1종,B,2015-12-22,전북특별자치도 남원시 대강면 옥택리
광주대구선,남원지사,남원터널(광주),42,1544,2,1종,B,2015-12-22,전북특별자치도 남원시 대강면 옥택리
광주대구선,남원지사,산동1터널(광주),68,197,2,2종,A,2015-12-22,전북특별자치도 남원시 산동면 대기리
광주대구선,남원지사,산동1터널(대구),68,217,2,2종,A,2015-12-22,전북특별자치도 남원시 산동면 대기리
광주대구선,남원지사,산동2터널(대구),68,65,2,2종,A,2015-12-22,전북특별자치도 남원시 산동면 대기리
광주대구선,남원지사,산동3터널(광주),68,104,2,2종,A,2015-12-22,전북특별자치도 남원시 산동면 대기리
광주대구선,남원지사,산동3터널(대구),68,66,2,2종,A,2015-12-22,전북특별자치도 남원시 산동면 대기리
광주대구선,남원지사,산동4터널(광주),69,369,2,2종,B,2015-10-22,전북특별자치도 남원시 산동면 대기리
광주대구선,남원지사,산동4터널(대구),69,319,2,2종,A,2015-12-22,전북특별자치도 남원시 산동면 대기리
광주대구선,남원지사,산동5터널(대구),69,434,2,2종,B,2015-12-22,전북특별자치도 남원시 산동면 대기리
광주대구선,남원지사,산동5터널(광주),69,436,2,2종,B,2015-12-22,전북특별자치도 남원시 산동면 대기리
광주대구선,남원지사,산동6터널(대구),70,216,2,2종,A,2015-12-22,전북특별자치도 남원시 산동면 월석리
광주대구선,남원지사,산동6터널(광주),70,216,2,2종,A,2015-10-22,전북특별자치도 남원시 산동면 월석리
광주대구선,남원지사,산동7터널(대구),70,699,2,2종,B,2015-12-22,전북특별자치도 장수군 번암면 유정리
광주대구선,남원지사,산동7터널(광주),70,669,2,2종,B,2015-12-22,전북특별자치도 장수군 번암면 유정리
광주대구선,남원지사,번암1터널(대구),71,262,2,2종,A,2015-12-22,전북특별자치도 장수군 번암면 유정리
광주대구선,남원지사,번암1터널(광주),71,274,2,2종,A,2015-12-22,전북특별자치도 장수군 번암면 유정리
광주대구선,남원지사,번암2터널,73,158,4,1종,B,2015-12-22,전북특별자치도 장수군 번암면 유정리
광주대구선,남원지사,사치터널(대구),74,130,2,2종,A,2015-12-22,전북특별자치도 장수군 번암면 유정리
광주대구선,남원지사,사치터널(광주),74,130,2,2종,A,2015-12-22,전북특별자치도 장수군 번암면 유정리
광주대구선,남원지사,백전1터널(대구),84,620,2,2종,A,2015-12-21,경상남도 함양군 백전면 오천리
광주대구선,남원지사,백전1터널(광주),84,620,2,2종,A,2015-12-22,경상남도 함양군 백전면 오천리
광주대구선,남원지사,백전2터널(대구),84,400,2,2종,A,2015-12-22,경상남도 함양군 백전면 오천리
광주대구선,남원지사,백전2터널(광주),84,400,2,2종,B,2015-12-21,경상남도 함양군 백전면 오천리
광주대구선,남원지사,병곡1터널(대구),88,330,2,2종,B,2015-12-22,경상남도 함양군 병곡면 옥계리
광주대구선,남원지사,병곡1터널(광주),88,318,2,2종,B,2015-12-22,경상남도 함양군 병곡면 옥계리
광주대구선,남원지사,병곡2터널(광주),89,650,2,2종,B,2015-12-22,경상남도 함양군 병곡면 송평리
광주대구선,남원지사,병곡2터널(대구),89,593,2,2종,B,2015-12-22,경상남도 함양군 병곡면 송평리
경부선,대구지사,경주터널(부산),82,185,3,1종,A,2018-12-13,경상북도 경주시 서면 도계리
경부선,대구지사,경주터널(서울0),82,152,2,2종,B,1969-12-25,경상북도 경주시 건천읍 신평리
경부선,대구지사,경주터널(서울1),82,135,1,2종,B,1969-12-25,경상북도 경주시 건천읍 신평리
대구외곽순환선,대구지사,매곡터널(상매),5,100,2,2종,A,2022-05-27,대구광역시 달성군 다사읍 매곡리
대구외곽순환선,대구지사,매곡터널(달서),5,100,2,2종,A,2022-05-27,대구광역시 달성군 다사읍 매곡리
대구외곽순환선,대구지사,다사터널(상매),8,705,2,2종,A,2022-05-27,대구광역시 달성군 다사읍 이천리
대구외곽순환선,대구지사,다사터널(달서),8,706,2,2종,A,2022-05-27,대구광역시 달성군 다사읍 이천리
대구외곽순환선,대구지사,지천터널(달서),15,362,2,2종,A,2022-05-27,경상북도 칠곡군 지천면 
대구외곽순환선,대구지사,지천터널(상매),15,337,2,2종,A,2022-05-27,경상북도 칠곡군 지천면 
대구외곽순환선,대구지사,연경터널(달서),28,1023,2,1종,A,2022-05-27,대구광역시 북구 연경동 
대구외곽순환선,대구지사,연경터널(상매),28,1120,2,1종,A,2022-05-27,대구광역시 북구 연경동 
대구외곽순환선,대구지사,봉무터널,32,120,4,1종,A,2022-05-27,대구광역시 동구 봉무동 
대구외곽순환선,대구지사,도동1터널(상매),33,199,2,2종,A,2022-05-27,대구광역시 동구 도동 
대구외곽순환선,대구지사,도동1터널(달서),33,181,2,2종,A,2022-05-27,대구광역시 동구 도동 
대구외곽순환선,대구지사,도동2터널(달서),33,855,2,2종,A,2022-05-27,대구광역시 동구 도동 
대구외곽순환선,대구지사,도동2터널(상매),33,824,2,2종,A,2022-05-27,대구광역시 동구 도동 
대구외곽순환선,대구지사,도동3터널(상매),34,597,2,2종,A,2022-05-27,대구광역시 동구 둔산동 
대구외곽순환선,대구지사,도동3터널(달서),34,607,2,2종,A,2022-05-27,대구광역시 동구 둔산동 
대구외곽순환선,대구지사,둔산1터널(상매),35,405,2,2종,A,2022-05-27,대구광역시 동구 둔산동 
대구외곽순환선,대구지사,둔산1터널(달서),35,370,2,2종,A,2022-05-27,대구광역시 동구 둔산동 
대구외곽순환선,대구지사,둔산2터널(상매),37,250,2,2종,A,2022-05-27,대구광역시 동구 둔산동 
대구외곽순환선,대구지사,둔산2터널(달서),37,253,2,2종,A,2022-05-27,대구광역시 동구 둔산동 
중앙선,군위지사,금호터널(춘천),112,670,2,2종,B,1995-10-01,대구광역시 북구 금호동 
중앙선,군위지사,금호터널(부산),112,660,2,2종,A,1995-10-01,대구광역시 북구 금호동 
중앙선,군위지사,읍내터널(춘천),116,280,2,2종,A,1995-10-01,대구광역시 북구 읍내동 
중앙선,군위지사,읍내터널(부산),117,288,2,2종,B,2000-03-01,대구광역시 북구 읍내동 
중앙선,군위지사,다부터널(춘천),125,1041,2,1종,B,1995-10-01,경상북도 칠곡군 가산면 다부리
중앙선,군위지사,다부터널(부산),125,1075,2,1종,B,2000-05-30,경상북도 칠곡군 가산면 다부리
중앙선,군위지사,가산터널(춘천),135,765,2,2종,A,1995-10-01,경상북도 칠곡군 가산면 석우리
중앙선,군위지사,가산터널(부산),135,748,2,2종,B,2000-05-30,경상북도 칠곡군 가산면 석우리
중앙선,군위지사,장천터널(춘천),138,210,2,2종,B,1995-10-01,경상북도 구미시 장천면 명곡리
중앙선,군위지사,장천터널(부산),138,210,2,2종,A,2000-05-30,경상북도 구미시 장천면 명곡리
중앙선,군위지사,군위터널(춘천),140,468,2,2종,A,1995-10-01,경상북도 구미시 장천면 오로리
중앙선,군위지사,군위터널(부산),141,610,2,2종,A,2000-05-30,경상북도 구미시 장천면 오로리
중앙선,군위지사,일직터널(춘천),172,340,2,2종,B,1995-10-05,경상북도 안동시 일직면 평팔리
중앙선,군위지사,일직터널(부산),172,326,2,2종,A,2000-05-30,경상북도 안동시 일직면 평팔리
새만금포항선(대구~포항),영천지사,도평터널(포항),3,710,2,2종,B,2004-12-07,대구광역시 동구 도동 
새만금포항선(대구~포항),영천지사,도평터널(대구),3,710,2,2종,B,2004-12-07,대구광역시 동구 도동 
새만금포항선(대구~포항),영천지사,백안터널(대구),5,590,2,2종,A,2004-12-07,대구광역시 동구 평광동 
새만금포항선(대구~포항),영천지사,백안터널(포항),5,550,3,1종,B,2004-12-07,대구광역시 동구 평광동 
새만금포항선(대구~포항),영천지사,와촌터널(포항),8,2990,2,1종,B,2004-12-07,대구광역시 동구 진인동 
새만금포항선(대구~포항),영천지사,와촌터널(대구),8,2992,2,1종,B,2004-12-07,대구광역시 동구 진인동 
새만금포항선(대구~포항),영천지사,임고1터널(포항),38,1330,3,1종,B,2004-12-07,경상북도 영천시 임고면 삼매리
새만금포항선(대구~포항),영천지사,임고1터널(대구),38,1280,3,1종,B,2004-12-07,경상북도 영천시 임고면 삼매리
새만금포항선(대구~포항),영천지사,임고2터널(대구),43,620,3,1종,B,2004-12-07,경상북도 영천시 임고면 사리
새만금포항선(대구~포항),영천지사,임고2터널(포항),43,622,3,1종,B,2004-12-07,경상북도 영천시 임고면 사리
새만금포항선(대구~포항),영천지사,임고3터널(대구),44,426,3,1종,B,2004-12-07,경상북도 영천시 임고면 사리
새만금포항선(대구~포항),영천지사,임고3터널(포항),44,368,3,1종,B,2004-12-07,경상북도 영천시 임고면 사리
새만금포항선(대구~포항),영천지사,임고4터널(포항),49,1690,3,1종,B,2004-12-07,경상북도 영천시 임고면 수성리
새만금포항선(대구~포항),영천지사,임고4터널(대구),49,1690,3,1종,B,2004-12-07,경상북도 영천시 임고면 수성리
새만금포항선(대구~포항),영천지사,달전터널(포항),65,1060,2,1종,B,2004-12-07,경상북도 경주시 강동면 다산리
새만금포항선(대구~포항),영천지사,달전터널(대구),65,1040,2,1종,B,2004-12-07,경상북도 경주시 강동면 다산리
광주대구선,고령지사,수동터널(광주),102,624,2,2종,A,2015-12-22,경상남도 함양군 수동면 하교리
광주대구선,고령지사,수동터널(대구),102,514,2,2종,A,2015-12-22,경상남도 함양군 수동면 하교리
광주대구선,고령지사,살피재터널(대구),127,1170,2,1종,A,2015-12-22,경상남도 거창군 남하면 둔마리
광주대구선,고령지사,살피재터널(광주),127,1175,2,1종,A,2015-12-22,경상남도 거창군 남하면 둔마리
광주대구선,고령지사,가조터널(광주),135,1573,2,1종,B,2015-12-22,경상남도 거창군 가조면 도리
광주대구선,고령지사,가조터널(대구),135,1559,2,1종,B,2015-12-22,경상남도 거창군 가조면 도리
광주대구선,고령지사,가야1터널(대구),137,1229,2,1종,B,2015-12-22,경상남도 합천군 가야면 성기리
광주대구선,고령지사,가야1터널(광주),137,1214,2,1종,B,2015-12-22,경상남도 합천군 가야면 성기리
광주대구선,고령지사,가야2터널(대구),139,750,2,2종,A,2015-12-22,경상남도 합천군 가야면 성기리
광주대구선,고령지사,가야2터널(광주),139,742,2,2종,A,2015-12-22,경상남도 합천군 가야면 성기리
광주대구선,고령지사,가야3터널(대구),140,1684,2,1종,B,2015-12-22,경상남도 합천군 가야면 청현리
광주대구선,고령지사,가야3터널(광주),140,1692,2,1종,B,2015-12-22,경상남도 합천군 가야면 청현리
광주대구선,고령지사,야로1터널(대구),142,627,2,2종,A,2015-12-22,경상남도 합천군 야로면 묵촌리
광주대구선,고령지사,야로1터널(광주),142,594,2,2종,A,2015-12-22,경상남도 합천군 야로면 묵촌리
광주대구선,고령지사,야로2터널(광주),143,773,2,2종,A,2015-12-22,경상남도 합천군 야로면 묵촌리
광주대구선,고령지사,야로2터널(대구),143,789,2,2종,A,2015-12-22,경상남도 합천군 야로면 묵촌리
광주대구선,고령지사,야로3터널(광주),147,743,2,2종,B,2015-12-22,경상남도 합천군 야로면 청계리
광주대구선,고령지사,야로3터널(대구),147,760,2,2종,B,2015-12-22,경상남도 합천군 야로면 청계리
광주대구선,고령지사,쌍림터널(대구),148,856,2,2종,B,2015-12-22,경상북도 고령군 쌍림면 산당리
광주대구선,고령지사,쌍림터널(광주),148,846,2,2종,B,2015-12-22,경상북도 고령군 쌍림면 산당리
광주대구선,고령지사,고령터널(광주),157,555,2,2종,B,2015-12-22,경상북도 고령군 대가야읍 장기리
광주대구선,고령지사,성산1터널(광주),159,482,2,2종,B,2015-12-22,경상북도 고령군 개진면 양전리
광주대구선,고령지사,성산1터널(대구),159,499,2,2종,B,2015-12-22,경상북도 고령군 개진면 양전리
광주대구선,고령지사,성산2터널(광주),160,255,2,2종,B,2015-12-22,경상북도 고령군 성산면 사부리
광주대구선,고령지사,성산2터널(대구),160,281,2,2종,B,2015-12-22,경상북도 고령군 성산면 사부리
서산영덕선(상주영덕선),청송지사,나각산터널(상주),86,241,3,1종,A,2016-12-22,경상북도 상주시 낙동면 낙동리
서산영덕선(상주영덕선),청송지사,나각산터널(영덕),86,241,2,2종,B,2016-12-22,경상북도 상주시 낙동면 낙동리
서산영덕선(상주영덕선),청송지사,단밀1터널(영덕),87,442,2,2종,B,2016-12-22,경상북도 의성군 단밀면 생송리
서산영덕선(상주영덕선),청송지사,단밀1터널(상주),87,416,2,2종,B,2016-12-22,경상북도 의성군 단밀면 생송리
서산영덕선(상주영덕선),청송지사,단밀2터널(영덕),89,465,2,2종,B,2016-12-22,경상북도 의성군 단밀면 생송리
서산영덕선(상주영덕선),청송지사,단밀2터널(상주),89,454,2,2종,B,2016-12-22,경상북도 의성군 단밀면 생송리
서산영덕선(상주영덕선),청송지사,단밀3터널(영덕),90,523,2,2종,A,2016-12-22,경상북도 의성군 단밀면 생송리
서산영덕선(상주영덕선),청송지사,단밀3터널(상주),90,501,2,2종,B,2016-12-22,경상북도 의성군 단밀면 생송리
서산영덕선(상주영덕선),청송지사,단밀4터널(영덕),90,385,2,2종,B,2016-12-22,경상북도 의성군 단밀면 생송리
서산영덕선(상주영덕선),청송지사,단밀4터널(상주),90,344,2,2종,B,2016-12-22,경상북도 의성군 단밀면 생송리
서산영덕선(상주영덕선),청송지사,안사1터널(상주),103,878,2,2종,B,2016-12-22,경상북도 의성군 안계면 도덕리
서산영덕선(상주영덕선),청송지사,안사1터널(영덕),103,839,2,2종,B,2016-12-22,경상북도 의성군 안계면 도덕리
서산영덕선(상주영덕선),청송지사,안사2터널(영덕),106,1467,2,1종,A,2016-12-22,경상북도 의성군 안사면 중하리
서산영덕선(상주영덕선),청송지사,안사2터널(상주),106,1474,2,1종,B,2016-12-22,경상북도 의성군 안사면 중하리
서산영덕선(상주영덕선),청송지사,안평1터널(영덕),107,2654,2,1종,B,2016-12-22,경상북도 의성군 안평면 금곡리
서산영덕선(상주영덕선),청송지사,안평1터널(상주),107,2643,2,1종,A,2016-12-22,경상북도 의성군 안평면 금곡리
서산영덕선(상주영덕선),청송지사,안평2터널(영덕),113,420,2,2종,B,2016-12-22,경상북도 의성군 안평면 삼춘리
서산영덕선(상주영덕선),청송지사,안평2터널(상주),113,402,2,2종,B,2016-12-22,경상북도 의성군 안평면 삼춘리
서산영덕선(상주영덕선),청송지사,안평3터널(영덕),113,1420,2,1종,A,2016-12-22,경상북도 의성군 안평면 삼춘리
서산영덕선(상주영덕선),청송지사,안평3터널(상주),113,1470,2,1종,A,2016-12-22,경상북도 의성군 안평면 삼춘리
서산영덕선(상주영덕선),청송지사,단촌1터널(상주),119,797,2,2종,A,2016-12-22,경상북도 의성군 단촌면 세촌리
서산영덕선(상주영덕선),청송지사,단촌1터널(영덕),119,718,2,2종,B,2016-12-22,경상북도 의성군 단촌면 세촌리
서산영덕선(상주영덕선),청송지사,단촌2터널(상주),124,251,2,2종,B,2016-12-22,경상북도 의성군 단촌면 관덕리
서산영덕선(상주영덕선),청송지사,단촌2터널(영덕),124,230,2,2종,B,2016-12-22,경상북도 의성군 단촌면 관덕리
서산영덕선(상주영덕선),청송지사,단촌3터널(상주),125,281,2,2종,B,2016-12-22,경상북도 의성군 단촌면 병방리
서산영덕선(상주영덕선),청송지사,단촌3터널(영덕),125,274,2,2종,B,2016-12-22,경상북도 의성군 단촌면 병방리
서산영덕선(상주영덕선),청송지사,단촌4터널(영덕),126,1789,2,1종,A,2016-12-22,경상북도 의성군 단촌면 병방리
서산영덕선(상주영덕선),청송지사,단촌4터널(상주),126,1815,2,1종,A,2016-12-22,경상북도 의성군 단촌면 병방리
서산영덕선(상주영덕선),청송지사,옥산터널(상주),136,713,2,2종,B,2016-12-22,경상북도 의성군 옥산면 신계리
서산영덕선(상주영덕선),청송지사,옥산터널(영덕),136,702,2,2종,B,2016-12-22,경상북도 의성군 옥산면 신계리
서산영덕선(상주영덕선),청송지사,길안1터널(영덕),140,424,2,2종,B,2016-12-22,경상북도 안동시 길안면 현하리
서산영덕선(상주영덕선),청송지사,길안1터널(상주),140,379,2,2종,B,2016-12-22,경상북도 안동시 길안면 현하리
서산영덕선(상주영덕선),청송지사,길안2터널(영덕),143,830,2,2종,B,2016-12-19,경상북도 안동시 길안면 만음리
서산영덕선(상주영덕선),청송지사,길안2터널(상주),143,781,2,2종,B,2016-12-19,경상북도 안동시 길안면 만음리
서산영덕선(상주영덕선),청송지사,길안3터널(영덕),147,1246,2,1종,A,2016-12-19,경상북도 안동시 길안면 묵계리
서산영덕선(상주영덕선),청송지사,길안3터널(상주),147,1237,2,1종,A,2016-12-19,경상북도 안동시 길안면 묵계리
서산영덕선(상주영덕선),청송지사,길안4터널(영덕),148,636,2,2종,A,2016-12-19,경상북도 안동시 길안면 배방리
서산영덕선(상주영덕선),청송지사,길안4터널(상주),148,600,2,2종,B,2016-12-19,경상북도 안동시 길안면 배방리
서산영덕선(상주영덕선),청송지사,사일산터널(영덕),149,2562,2,1종,A,2016-12-19,경상북도 안동시 길안면 배방리
서산영덕선(상주영덕선),청송지사,사일산터널(상주),149,2487,2,1종,A,2016-12-19,경상북도 안동시 길안면 배방리
서산영덕선(상주영덕선),청송지사,파천1터널(영덕),156,946,2,2종,A,2016-12-19,경상북도 청송군 파천면 관리
서산영덕선(상주영덕선),청송지사,파천1터널(상주),156,824,2,2종,A,2016-12-19,경상북도 청송군 파천면 관리
서산영덕선(상주영덕선),청송지사,파천2터널(상주),158,942,2,2종,A,2016-12-19,경상북도 청송군 파천면 옹점리
서산영덕선(상주영덕선),청송지사,파천2터널(영덕),158,890,2,2종,A,2016-12-19,경상북도 청송군 파천면 옹점리
서산영덕선(상주영덕선),청송지사,파천3터널(영덕),160,945,2,2종,B,2016-12-19,경상북도 청송군 파천면 옹점리
서산영덕선(상주영덕선),청송지사,파천3터널(상주),160,939,2,2종,A,2016-12-19,경상북도 청송군 파천면 옹점리
서산영덕선(상주영덕선),청송지사,진보터널(영덕),161,1911,2,1종,B,2016-12-19,경상북도 청송군 파천면 옹점리
서산영덕선(상주영덕선),청송지사,진보터널(상주),161,1975,2,1종,A,2016-12-19,경상북도 청송군 파천면 옹점리
서산영덕선(상주영덕선),청송지사,지품1터널(상주),167,985,2,2종,A,2016-12-19,경상북도 청송군 진보면 괴정리
서산영덕선(상주영덕선),청송지사,지품1터널(영덕),167,985,2,2종,A,2016-12-19,경상북도 청송군 진보면 괴정리
서산영덕선(상주영덕선),청송지사,지품2터널(상주),168,723,2,2종,B,2016-12-19,경상북도 영덕군 지품면 황장리
서산영덕선(상주영덕선),청송지사,지품2터널(영덕),168,719,2,2종,B,2016-12-19,경상북도 영덕군 지품면 황장리
서산영덕선(상주영덕선),청송지사,지품3터널(영덕),170,671,2,2종,B,2016-12-19,경상북도 영덕군 지품면 지품리
서산영덕선(상주영덕선),청송지사,지품3터널(상주),170,695,2,2종,B,2016-12-19,경상북도 영덕군 지품면 지품리
서산영덕선(상주영덕선),청송지사,지품4터널(영덕),171,464,2,2종,B,2016-12-19,경상북도 영덕군 지품면 복곡리
서산영덕선(상주영덕선),청송지사,지품4터널(상주),171,419,2,2종,B,2016-12-19,경상북도 영덕군 지품면 복곡리
서산영덕선(상주영덕선),청송지사,지품6터널(상주),175,1255,2,1종,B,2016-12-19,경상북도 영덕군 지품면 수암리
서산영덕선(상주영덕선),청송지사,지품6터널(영덕),175,1152,2,1종,B,2016-12-19,경상북도 영덕군 지품면 수암리
서산영덕선(상주영덕선),청송지사,지품7터널(상주),177,202,2,2종,B,2016-12-19,경상북도 영덕군 지품면 송천리
서산영덕선(상주영덕선),청송지사,지품7터널(영덕),177,182,2,2종,B,2016-12-19,경상북도 영덕군 지품면 송천리
서산영덕선(상주영덕선),청송지사,지품8터널(영덕),178,156,2,2종,B,2016-12-19,경상북도 영덕군 지품면 송천리
서산영덕선(상주영덕선),청송지사,지품8터널(상주),178,115,2,2종,A,2016-12-19,경상북도 영덕군 지품면 송천리
서산영덕선(상주영덕선),청송지사,지품9터널(영덕),179,364,2,2종,B,2016-12-19,경상북도 영덕군 지품면 송천리
서산영덕선(상주영덕선),청송지사,지품9터널(상주),179,324,2,2종,B,2016-12-19,경상북도 영덕군 지품면 송천리
서산영덕선(상주영덕선),청송지사,지품10터널(상주),180,457,2,2종,B,2016-12-19,경상북도 영덕군 지품면 송천리
서산영덕선(상주영덕선),청송지사,지품10터널(영덕),180,429,2,2종,B,2016-12-19,경상북도 영덕군 지품면 송천리
서산영덕선(상주영덕선),청송지사,달산1터널(영덕),181,666,2,2종,B,2016-12-19,경상북도 영덕군 지품면 용덕리
서산영덕선(상주영덕선),청송지사,달산1터널(상주),181,659,2,2종,B,2016-12-19,경상북도 영덕군 지품면 용덕리
서산영덕선(상주영덕선),청송지사,달산2터널(영덕),182,1612,2,1종,B,2016-12-19,경상북도 영덕군 달산면 인곡리
서산영덕선(상주영덕선),청송지사,달산2터널(상주),182,1624,2,1종,B,2016-12-19,경상북도 영덕군 달산면 인곡리
서산영덕선(상주영덕선),청송지사,달산3터널(상주),184,1390,2,1종,B,2016-12-19,경상북도 영덕군 달산면 대지리
서산영덕선(상주영덕선),청송지사,달산3터널(영덕),184,1397,2,1종,A,2016-12-19,경상북도 영덕군 달산면 대지리
서산영덕선(상주영덕선),청송지사,영덕터널(영덕),186,2813,2,1종,B,2016-12-19,경상북도 영덕군 달산면 대지리
서산영덕선(상주영덕선),청송지사,영덕터널(상주),186,2860,2,1종,B,2016-12-19,경상북도 영덕군 달산면 대지리
중앙선,영주지사,풍산터널(춘천),193,200,2,2종,B,1995-09-25,경상북도 안동시 풍산읍 수곡리
중앙선,영주지사,풍산터널(부산),193,210,2,2종,B,1999-12-05,경상북도 안동시 풍산읍 수곡리
중앙선,영주지사,보문터널(춘천),203,801,2,2종,B,1999-12-09,경상북도 안동시 풍산읍 신양리
중앙선,영주지사,보문터널(부산),203,778,2,2종,B,1999-12-09,경상북도 안동시 풍산읍 신양리
중앙선,영주지사,봉현터널(춘천),232,532,2,2종,B,2001-12-19,경상북도 영주시 봉현면 오현리
중앙선,영주지사,봉현터널(부산),232,533,2,2종,B,2001-12-19,경상북도 영주시 봉현면 오현리
중앙선,영주지사,죽령터널(부산),238,4600,2,1종,B,2001-12-19,경상북도 영주시 풍기읍 수철리
중앙선,영주지사,죽령터널(춘천),238,4600,2,1종,B,2001-12-19,경상북도 영주시 풍기읍 수철리
중부내륙선,성주지사,고령1터널(양평),57,424,2,2종,B,2007-12-17,경상북도 고령군 개진면 부리
중부내륙선,성주지사,고령1터널(창원),57,487,2,2종,B,2007-12-16,경상북도 고령군 개진면 부리
중부내륙선,성주지사,고령2터널(양평),59,260,2,2종,B,2007-12-16,경상북도 고령군 성산면 오곡리
중부내륙선,성주지사,고령2터널(창원),59,260,2,2종,B,2007-12-17,경상북도 고령군 성산면 오곡리
중부내륙선,성주지사,고령3터널(양평),60,485,2,2종,B,2007-12-16,경상북도 고령군 성산면 오곡리
중부내륙선,성주지사,고령3터널(창원),60,471,2,2종,B,2007-12-16,경상북도 고령군 성산면 오곡리
중부내륙선,성주지사,고령4터널(양평),68,516,2,2종,B,2007-12-16,경상북도 고령군 성산면 상용리
중부내륙선,성주지사,고령4터널(창원),68,499,2,2종,B,2007-12-16,경상북도 고령군 성산면 상용리
중부내륙선,성주지사,성주터널(창원),80,690,2,2종,B,2007-12-17,경상북도 성주군 선남면 장학리
중부내륙선,성주지사,성주터널(양평),80,760,2,2종,B,2007-12-17,경상북도 성주군 선남면 장학리
중부내륙선,성주지사,김천1터널(양평),105,760,2,2종,A,2007-12-16,경상북도 김천시 남면 부상리
중부내륙선,성주지사,김천1터널(창원),105,770,2,2종,A,2007-12-16,경상북도 김천시 남면 부상리
중부내륙선,성주지사,김천2터널(양평),108,1055,2,1종,B,2007-12-16,경상북도 김천시 아포읍 대성리
중부내륙선,성주지사,김천2터널(창원),108,1045,2,1종,B,2007-12-16,경상북도 김천시 아포읍 대성리
중부내륙선,성주지사,김천3터널(창원),111,1570,2,1종,B,2007-12-16,경상북도 김천시 아포읍 대성리
중부내륙선,성주지사,김천3터널(양평),112,1669,2,1종,B,2007-12-16,경상북도 김천시 아포읍 대성리
부산포항선,울산지사,해운대터널(울산),1,680,2,2종,B,2008-12-31,부산광역시 해운대구 좌동 
부산포항선,울산지사,해운대터널(부산),1,680,2,2종,B,2008-12-31,부산광역시 해운대구 좌동 
부산포항선,울산지사,기장1터널(부산),9,536,3,1종,B,2008-12-29,부산광역시 기장군 기장읍 대라리
부산포항선,울산지사,기장1터널(울산),9,466,3,1종,B,2008-12-29,부산광역시 기장군 기장읍 대라리
부산포항선,울산지사,기장2터널(울산),10,304,3,1종,B,2008-12-29,부산광역시 기장군 기장읍 서부리
부산포항선,울산지사,기장2터널(부산),10,265,3,1종,B,2008-12-29,부산광역시 기장군 기장읍 서부리
부산포항선,울산지사,일광터널(울산),17,128,3,1종,A,2008-12-29,부산광역시 기장군 일광면 원리
부산포항선,울산지사,일광터널(부산),17,128,3,1종,A,2008-12-29,부산광역시 기장군 일광면 원리
부산포항선,울산지사,온양터널(부산),33,240,3,1종,A,2008-12-29,울산광역시 울주군 온양읍 고산리
부산포항선,울산지사,온양터널(울산),33,240,3,1종,A,2008-12-29,울산광역시 울주군 온양읍 고산리
부산포항선,울산지사,문수터널(부산),44,1508,3,1종,B,2008-12-29,울산광역시 울주군 청량면 율리
부산포항선,울산지사,문수터널(울산),44,1599,3,1종,B,2008-12-29,울산광역시 울주군 청량면 율리
부산외곽순환선,울산지사,금정산터널(기장),30,7142,2,1종,A,2017-12-27,부산광역시 북구 금곡동 
부산외곽순환선,울산지사,금정산터널(창원),30,7087,2,1종,B,2017-12-27,부산광역시 북구 금곡동 
부산외곽순환선,울산지사,철마1터널(기장),40,669,2,2종,B,2017-12-27,부산광역시 금정구 선동 
부산외곽순환선,울산지사,철마1터널(창원),40,669,2,2종,B,2017-12-27,부산광역시 금정구 선동 
부산외곽순환선,울산지사,철마4터널(기장),47,917,2,2종,B,2017-12-27,부산광역시 기장군 철마면 이곡리
부산외곽순환선,울산지사,철마4터널(창원),47,959,2,2종,B,2017-12-27,부산광역시 기장군 철마면 이곡리
중앙선의 지선,양산지사,대동1터널(양산),1,1944,2,1종,B,2014-12-12,경상남도 김해시 불암동 
중앙선의 지선,양산지사,대동1터널(김해),1,1994,2,1종,B,2014-12-12,경상남도 김해시 불암동 
중앙선의 지선,양산지사,대동2터널(김해),4,1139,2,1종,B,2014-12-12,경상남도 김해시 대동면 예안리
중앙선의 지선,양산지사,대동2터널(양산),4,1149,2,1종,B,2014-12-12,경상남도 김해시 대동면 예안리
중앙선의 지선,양산지사,대동3터널(양산),6,1295,2,1종,A,2014-12-12,경상남도 김해시 대동면 예안리
중앙선의 지선,양산지사,대동3터널(김해),6,1300,2,1종,A,2014-12-12,경상남도 김해시 대동면 예안리
부산외곽순환선,양산지사,진영1터널(기장),1,719,2,2종,B,2017-12-27,경상남도 김해시 진영읍 하계리
부산외곽순환선,양산지사,진영1터널(창원),1,731,2,2종,B,2017-12-27,경상남도 김해시 진영읍 하계리
부산외곽순환선,양산지사,진영2터널(기장),3,990,2,2종,B,2017-12-27,경상남도 김해시 진영읍 여래리
부산외곽순환선,양산지사,진영2터널(창원),3,980,2,2종,B,2017-12-27,경상남도 김해시 진영읍 여래리
부산외곽순환선,양산지사,한림1터널(창원),7,1350,2,1종,B,2017-12-27,경상남도 김해시 한림면 퇴래리
부산외곽순환선,양산지사,한림1터널(기장),7,1350,2,1종,B,2017-12-27,경상남도 김해시 한림면 퇴래리
부산외곽순환선,양산지사,한림2터널(기장),10,460,2,2종,B,2017-12-27,경상남도 김해시 한림면 명동리
부산외곽순환선,양산지사,한림2터널(창원),10,412,2,2종,B,2017-12-27,경상남도 김해시 한림면 명동리
부산외곽순환선,양산지사,한림3터널(기장),11,728,2,2종,B,2017-12-27,경상남도 김해시 한림면 용덕리
부산외곽순환선,양산지사,한림3터널(창원),11,745,2,2종,B,2017-12-27,경상남도 김해시 한림면 용덕리
부산외곽순환선,양산지사,한림4터널(창원),13,1781,2,1종,B,2017-12-27,경상남도 김해시 한림면 안곡리
부산외곽순환선,양산지사,한림4터널(기장),13,1754,2,1종,B,2017-12-27,경상남도 김해시 한림면 안곡리
부산외곽순환선,양산지사,생림터널(창원),16,758,2,2종,B,2017-12-27,경상남도 김해시 생림면 나전리
부산외곽순환선,양산지사,생림터널(기장),16,728,2,2종,B,2017-12-27,경상남도 김해시 생림면 나전리
부산외곽순환선,양산지사,상동터널(기장),19,1142,2,1종,B,2017-12-27,경상남도 김해시 상동면 우계리
부산외곽순환선,양산지사,상동터널(창원),19,1144,2,1종,A,2017-12-27,경상남도 김해시 상동면 우계리
부산외곽순환선,양산지사,신어산터널(기장),21,4297,2,1종,B,2017-12-27,경상남도 김해시 대동면 
부산외곽순환선,양산지사,신어산터널(창원),21,4292,2,1종,B,2017-12-31,경상남도 김해시 상동면 
남해선(순천부산),창원지사,산인터널(부산),110,688,4,1종,B,2011-12-14,경상남도 함안군 산인면 모곡리
남해선(순천부산),창원지사,산인터널(순천),110,604,4,1종,B,2011-12-14,경상남도 함안군 산인면 모곡리
남해선(순천부산),창원지사,함안1터널(부산),113,877,2,2종,B,2001-10-06,경상남도 함안군 산인면 신산리
남해선(순천부산),창원지사,함안1터널(순천),113,850,2,2종,B,2001-10-06,경상남도 함안군 산인면 신산리
남해선(순천부산),창원지사,함안2터널(부산),119,500,2,2종,B,2001-10-06,경상남도 함안군 칠원읍 용정리
남해선(순천부산),창원지사,함안2터널(순천),119,520,2,2종,B,2001-10-06,경상남도 함안군 칠원읍 용정리
남해선(순천부산),창원지사,창원1터널(부산),121,2551,2,1종,B,2001-10-06,경상남도 함안군 칠원읍 무기리
남해선(순천부산),창원지사,창원1터널(순천),121,2566,2,1종,B,2001-10-06,경상남도 함안군 칠원읍 무기리
남해선(순천부산),창원지사,창원2터널(부산),127,854,2,2종,B,2001-10-06,경상남도 창원시 동읍 용강리
남해선(순천부산),창원지사,창원2터널(순천),127,854,2,2종,B,2001-10-06,경상남도 창원시 동읍 용강리
남해선(순천부산),창원지사,김해터널(부산),137,690,4,1종,B,2001-10-06,경상남도 김해시 진영읍 하계리
남해선(순천부산),창원지사,김해터널(순천),137,643,4,1종,B,2001-10-06,경상남도 김해시 진영읍 하계리
남해선(순천부산),진주지사,하동터널(부산),33,196,2,2종,B,1992-12-24,경상남도 하동군 금성면 궁항리
남해선(순천부산),진주지사,하동터널(순천),33,201,2,2종,B,1992-12-24,경상남도 하동군 금성면 궁항리
남해선(순천부산),진주지사,진교터널(부산),48,340,2,2종,B,1992-12-24,경상남도 하동군 진교면 고이리
남해선(순천부산),진주지사,진교터널(순천),48,400,2,2종,B,1992-12-24,경상남도 하동군 진교면 고이리
남해선(순천부산),진주지사,사천터널(부산),53,168,2,2종,A,1992-12-20,경상남도 사천시 곤양면 대진리
남해선(순천부산),진주지사,사천터널(순천),53,240,2,2종,B,1992-12-24,경상남도 사천시 곤양면 송전리
남해선(순천부산),진주지사,진주1터널(부산),78,614,4,1종,B,2011-12-13,경상남도 진주시 문산읍 상문리
남해선(순천부산),진주지사,진주1터널(순천),78,572,4,1종,B,2011-12-13,경상남도 진주시 문산읍 상문리
남해선(순천부산),진주지사,진주2터널(순천),79,760,4,1종,B,2011-12-13,경상남도 진주시 문산읍 상문리
남해선(순천부산),진주지사,진주2터널(부산),80,647,4,1종,B,2011-12-13,경상남도 진주시 문산읍 상문리
통영대전선/중부선,산청지사,신율터널(하남),50,230,2,2종,B,1996-12-20,경상남도 진주시 내동면 신율리
통영대전선/중부선,산청지사,신율터널(통영),50,225,2,2종,B,1996-12-20,경상남도 진주시 내동면 신율리
통영대전선/중부선,산청지사,독산터널(하남),50,445,2,2종,A,1996-12-20,경상남도 진주시 내동면 독산리
통영대전선/중부선,산청지사,독산터널(통영),50,470,2,2종,B,1996-12-20,경상남도 진주시 내동면 독산리
통영대전선/중부선,산청지사,산청3터널(하남),68,520,2,2종,A,1998-12-11,경상남도 산청군 단성면 묵곡리
통영대전선/중부선,산청지사,산청3터널(통영),68,580,2,2종,B,1998-12-11,경상남도 산청군 단성면 묵곡리
통영대전선/중부선,산청지사,산청2터널(하남),74,514,2,2종,B,1998-12-11,경상남도 산청군 단성면 강누리
통영대전선/중부선,산청지사,산청2터널(통영),74,514,2,2종,B,1998-12-11,경상남도 산청군 단성면 강누리
통영대전선/중부선,산청지사,산청1터널(하남),79,204,2,2종,B,1998-12-11,경상남도 산청군 신안면 외송리
통영대전선/중부선,산청지사,산청1터널(통영),79,204,2,2종,B,1998-12-11,경상남도 산청군 신안면 외송리
통영대전선/중부선,산청지사,함양터널(하남),114,1455,2,1종,B,2001-11-29,경상남도 함양군 서하면 황산리
통영대전선/중부선,산청지사,함양터널(통영),114,1505,2,1종,B,2001-11-29,경상남도 함양군 서하면 황산리
부산포항선,경주지사,다운1터널(포항),49,569,2,2종,A,2015-12-23,울산광역시 중구 다운동 
부산포항선,경주지사,다운1터널(부산),49,374,2,2종,B,2015-12-23,울산광역시 중구 다운동 
부산포항선,경주지사,다운2터널(부산),49,128,2,2종,A,2015-12-23,울산광역시 중구 다운동 
부산포항선,경주지사,다운3터널(포항),50,429,2,2종,A,2015-12-23,울산광역시 중구 다운동 
부산포항선,경주지사,다운3터널(부산),50,411,2,2종,A,2015-12-23,울산광역시 중구 다운동 
부산포항선,경주지사,다운4터널(부산),51,613,2,2종,A,2015-12-23,울산광역시 중구 다운동 
부산포항선,경주지사,다운4터널(포항),51,615,2,2종,A,2015-12-23,울산광역시 중구 다운동 
부산포항선,경주지사,범서1터널(부산),52,805,2,2종,A,2015-12-23,울산광역시 울주군 범서읍 서사리
부산포항선,경주지사,범서1터널(포항),52,803,2,2종,A,2015-12-23,울산광역시 울주군 범서읍 서사리
부산포항선,경주지사,범서2터널(부산),53,585,2,2종,B,2015-12-23,울산광역시 울주군 범서읍 서사리
부산포항선,경주지사,범서2터널(포항),53,610,2,2종,A,2015-12-23,울산광역시 울주군 범서읍 서사리
부산포항선,경주지사,범서3터널(포항),56,283,2,2종,A,2015-12-23,울산광역시 울주군 범서읍 두산리
부산포항선,경주지사,범서3터널(부산),56,275,2,2종,A,2015-12-23,울산광역시 울주군 범서읍 두산리
부산포항선,경주지사,범서4터널(포항),56,2833,2,1종,B,2015-12-23,울산광역시 울주군 범서읍 두산리
부산포항선,경주지사,범서4터널(부산),57,2708,2,1종,B,2015-12-23,울산광역시 울주군 범서읍 두산리
부산포항선,경주지사,외동1터널(부산),60,553,2,2종,B,2015-12-23,경상북도 경주시 외동읍 녹동리
부산포항선,경주지사,외동1터널(포항),61,338,2,2종,B,2015-12-23,경상북도 경주시 외동읍 녹동리
부산포항선,경주지사,외동2터널(부산),63,3103,2,1종,A,2015-12-23,경상북도 경주시 외동읍 석계리
부산포항선,경주지사,외동2터널(포항),63,3088,2,1종,A,2015-12-23,경상북도 경주시 외동읍 석계리
부산포항선,경주지사,문무대왕1터널(포항),72,7543,2,1종,B,2015-12-23,경상북도 경주시 외동읍 개곡리
부산포항선,경주지사,문무대왕1터널(부산),72,7540,2,1종,B,2015-12-23,경상북도 경주시 외동읍 개곡리
부산포항선,경주지사,문무대왕2터널(포항),83,234,2,2종,A,2015-12-23,경상북도 경주시 문무대왕면 입천리
부산포항선,경주지사,문무대왕2터널(부산),83,234,2,2종,A,2015-12-23,경상북도 경주시 문무대왕면 입천리
부산포항선,경주지사,문무대왕3터널(부산),87,530,2,2종,B,2015-12-23,경상북도 경주시 문무대왕면 용동리
부산포항선,경주지사,문무대왕3터널(포항),87,466,2,2종,B,2015-12-23,경상북도 경주시 문무대왕면 용동리
부산포항선,경주지사,문무대왕4터널(부산),88,272,2,2종,B,2015-12-23,경상북도 경주시 문무대왕면 용동리
부산포항선,경주지사,문무대왕4터널(포항),88,217,2,2종,B,2015-12-23,경상북도 경주시 문무대왕면 용동리
부산포항선,경주지사,문무대왕5터널(부산),89,2442,2,1종,A,2015-12-23,경상북도 경주시 문무대왕면 용동리
부산포항선,경주지사,문무대왕5터널(포항),89,2443,2,1종,A,2015-12-23,경상북도 경주시 문무대왕면 용동리
부산포항선,경주지사,오천1터널(부산),91,161,2,2종,B,2015-12-23,경상북도 포항시 남구 오천읍 진전리
부산포항선,경주지사,오천2터널(부산),92,391,2,2종,B,2015-12-23,경상북도 포항시 남구 오천읍 진전리
부산포항선,경주지사,오천2터널(포항),92,436,2,2종,B,2015-12-23,경상북도 포항시 남구 오천읍 진전리
부산포항선,경주지사,오천3터널(부산),92,581,2,2종,B,2015-12-23,경상북도 포항시 남구 오천읍 진전리
부산포항선,경주지사,오천3터널(포항),92,546,2,2종,B,2015-12-23,경상북도 포항시 남구 오천읍 진전리
부산포항선,경주지사,오천4터널(포항),93,293,2,2종,B,2015-12-23,경상북도 포항시 남구 오천읍 진전리
부산포항선,경주지사,오천4터널(부산),93,278,2,2종,B,2015-12-23,경상북도 포항시 남구 오천읍 진전리
부산포항선,경주지사,오천5터널(부산),94,2178,2,1종,B,2015-12-23,경상북도 포항시 남구 오천읍 진전리
부산포항선,경주지사,오천5터널(포항),94,2202,2,1종,A,2015-12-23,경상북도 포항시 남구 오천읍 진전리
부산포항선,경주지사,오천6터널(부산),96,232,2,2종,B,2015-12-23,경상북도 포항시 남구 오천읍 갈평리
부산포항선,경주지사,오천6터널(포항),96,187,2,2종,B,2015-12-23,경상북도 포항시 남구 오천읍 갈평리
부산포항선,경주지사,오천7터널(부산),96,200,2,2종,B,2015-12-23,경상북도 포항시 남구 오천읍 갈평리
부산포항선,경주지사,오천7터널(포항),96,178,2,2종,B,2015-12-23,경상북도 포항시 남구 오천읍 갈평리
중부내륙선의 지선,창녕지사,달성2터널(대구),9,993,2,2종,B,1995-11-07,대구광역시 달성군 논공읍 본리리
중부내륙선의 지선,창녕지사,달성2터널(창원),9,969,2,2종,B,1995-11-07,대구광역시 달성군 논공읍 본리리
중부내륙선의 지선,창녕지사,(구)달성터널,10,565,2,2종,B,1977-12-17,대구광역시 달성군 논공읍 본리리
중부내륙선의 지선,창녕지사,달성1터널(대구),10,1387,2,1종,B,1995-11-07,대구광역시 달성군 옥포면 송촌리
중부내륙선의 지선,창녕지사,달성1터널(창원),10,1362,2,1종,B,1995-11-07,대구광역시 달성군 옥포면 송촌리
통영대전선/중부선,고성지사,통영3터널(하남),6,282,2,2종,B,2005-12-23,경상남도 통영시 광도면 노산리
통영대전선/중부선,고성지사,통영3터널(통영),6,273,2,2종,B,2005-12-23,경상남도 통영시 광도면 노산리
통영대전선/중부선,고성지사,통영2터널(통영),11,1620,2,1종,B,2005-12-23,경상남도 통영시 광도면 안정리
통영대전선/중부선,고성지사,통영2터널(하남),11,1628,2,1종,B,2005-12-23,경상남도 통영시 광도면 안정리
통영대전선/중부선,고성지사,통영1터널(하남),12,533,2,2종,B,2005-12-23,경상남도 통영시 광도면 황리
통영대전선/중부선,고성지사,통영1터널(통영),12,539,2,2종,B,2005-12-23,경상남도 통영시 광도면 황리
통영대전선/중부선,고성지사,고성3터널(통영),28,792,2,2종,A,2005-12-23,경상남도 고성군 대가면 송계리
통영대전선/중부선,고성지사,고성3터널(하남),28,812,2,2종,A,2005-12-23,경상남도 고성군 대가면 송계리
통영대전선/중부선,고성지사,고성2터널(통영),33,1736,2,1종,B,2005-12-23,경상남도 고성군 영현면 신분리
통영대전선/중부선,고성지사,고성2터널(하남),33,1781,2,1종,A,2005-12-23,경상남도 고성군 영현면 신분리
통영대전선/중부선,고성지사,고성1터널(통영),34,1192,2,1종,B,2005-12-23,경상남도 고성군 영현면 신분리
통영대전선/중부선,고성지사,고성1터널(하남),34,1192,2,1종,B,2005-12-23,경상남도 고성군 영현면 신분리
통영대전선/중부선,고성지사,사천3터널(하남),41,530,2,2종,B,2005-12-23,경상남도 사천시 사천읍 장전리
통영대전선/중부선,고성지사,사천3터널(통영),41,535,2,2종,B,2005-12-23,경상남도 사천시 사천읍 장전리
통영대전선/중부선,고성지사,사천2터널(하남),42,493,2,2종,B,2005-12-23,경상남도 사천시 사천읍 장전리
통영대전선/중부선,고성지사,사천2터널(통영),42,497,2,2종,B,2005-12-23,경상남도 사천시 사천읍 장전리
통영대전선/중부선,고성지사,사천1터널(하남),43,475,2,2종,B,2005-12-23,경상남도 사천시 사천읍 두량리
통영대전선/중부선,고성지사,사천1터널(통영),43,475,2,2종,B,2005-12-23,경상남도 사천시 사천읍 두량리
함양울산선,밀양지사,무안2터널(울산),4,2617,2,1종,,2025-03-31,경상남도 밀양시 무안면 중산리
함양울산선,밀양지사,영산터널(함양),74,4976,2,1종,,2024-12-31,경상남도 창녕군 영산면 성내리
함양울산선,밀양지사,영산터널(울산),74,5112,2,1종,,2025-03-31,경상남도 창녕군 영산면 성내리
함양울산선,밀양지사,무안1터널(함양),80,1910,2,1종,,2025-03-31,경상남도 밀양시 무안면 중산리
함양울산선,밀양지사,무안1터널(울산),80,1940,2,1종,,2025-03-31,경상남도 밀양시 무안면 웅동리
함양울산선,밀양지사,무안2터널(함양),83,2582,2,1종,,2025-03-31,경상남도 밀양시 무안면 삼태리
함양울산선,밀양지사,부북1터널(울산),90,1780,2,1종,,2024-12-27,경상남도 밀양시 무안면 마흘리
함양울산선,밀양지사,부북1터널(함양),92,1792,2,1종,,2024-12-27,경상남도 밀양시 부북면 덕곡리
함양울산선,밀양지사,부북2터널(울산),95,2124,2,1종,,2024-12-28,경상남도 밀양시 부북면 용지리
함양울산선,밀양지사,부북2터널(함양),95,2132,2,1종,,2024-12-28,경상남도 밀양시 부북면 용지리
함양울산선,밀양지사,산외1터널(울산),98,1128,2,1종,,2024-12-28,경상남도 밀양시 상동면 가곡리
함양울산선,밀양지사,산외1터널(함양),98,1030,2,1종,,2024-12-28,경상남도 밀양시 상동면 가곡리
함양울산선,밀양지사,산외2터널(함양),101,271,2,2종,B,2020-12-28,경상남도 밀양시 산외면 남기리
함양울산선,밀양지사,산외2터널(울산),101,197,2,2종,A,2020-12-28,경상남도 밀양시 산외면 남기리
함양울산선,밀양지사,산외3터널(함양),101,1767,2,1종,A,2020-12-28,경상남도 밀양시 산외면 다죽리
함양울산선,밀양지사,산외3터널(울산),101,1740,2,1종,A,2020-12-28,경상남도 밀양시 산외면 다죽리
함양울산선,밀양지사,단장1터널(울산),104,1222,2,1종,A,2020-12-28,경상남도 밀양시 단장면 단장리
함양울산선,밀양지사,단장1터널(함양),104,1200,2,1종,A,2020-12-28,경상남도 밀양시 단장면 단장리
함양울산선,밀양지사,단장2터널(울산),106,2460,2,1종,A,2020-12-28,경상남도 밀양시 단장면 단장리
함양울산선,밀양지사,단장2터널(함양),106,2457,2,1종,A,2020-12-28,경상남도 밀양시 단장면 단장리
함양울산선,밀양지사,단장3터널(울산),109,242,2,2종,A,2020-12-28,경상남도 밀양시 단장면 단장리
함양울산선,밀양지사,단장3터널(함양),109,200,2,2종,A,2020-12-28,경상남도 밀양시 단장면 단장리
함양울산선,밀양지사,단장4터널(울산),109,2590,2,1종,B,2020-12-28,경상남도 밀양군 단장면 무릉리
함양울산선,밀양지사,단장4터널(함양),109,2592,2,1종,B,2020-12-28,경상남도 밀양시 단장면 무릉리
함양울산선,밀양지사,재약산터널(울산),113,7912,2,1종,A,2020-12-28,경상남도 밀양시 단장면 고례리
함양울산선,밀양지사,재약산터널(함양),113,7982,2,1종,A,2020-12-28,경상남도 밀양시 단장면 고례리
함양울산선,밀양지사,배내골나들목터널,121,250,1,2종,A,2020-12-28,경상남도 양산시 원동면 선리
함양울산선,밀양지사,신불산터널(울산),121,6455,2,1종,A,2020-12-28,경상남도 양산시 원동면 선리
함양울산선,밀양지사,신불산터널(함양),121,6464,2,1종,B,2020-12-28,경상남도 양산시 원동면 선리
함양울산선,밀양지사,삼동1터널(울산),134,807,2,2종,B,2020-12-28,울산광역시 울주군 삼동면 금곡리
함양울산선,밀양지사,삼동1터널(함양),134,864,2,2종,B,2020-12-28,울산광역시 울주군 삼동면 금곡리
함양울산선,밀양지사,삼동2터널(함양),137,287,2,2종,A,2020-12-28,울산광역시 울주군 삼동면 출강리
함양울산선,밀양지사,삼동2터널(울산),137,245,2,2종,A,2020-12-28,울산광역시 울주군 삼동면 출강리
함양울산선,밀양지사,삼동3터널(함양),137,238,2,2종,A,2020-12-28,울산광역시 울주군 삼동면 출강리
함양울산선,밀양지사,삼동3터널(울산),137,100,2,2종,A,2020-12-28,울산광역시 울주군 삼동면 출강리
함양울산선,밀양지사,삼동4터널(울산),138,129,2,2종,A,2020-12-28,울산광역시 울주군 삼동면 작동리
함양울산선,밀양지사,삼동4터널(함양),138,108,2,2종,A,2020-12-28,울산광역시 울주군 삼동면 작동리
함양울산선,밀양지사,웅촌1터널(함양),139,671,2,2종,B,2020-12-28,울산광역시 울주군 웅촌면 대복리
함양울산선,밀양지사,웅촌1터널(울산),139,600,2,2종,B,2020-12-28,울산광역시 울주군 웅촌면 대복리
함양울산선,밀양지사,웅촌2터널(울산),140,312,2,2종,A,2020-12-28,울산광역시 울주군 웅촌면 대복리
함양울산선,밀양지사,웅촌2터널(함양),140,308,2,2종,B,2020-12-28,울산광역시 울주군 웅촌면 대복리
함양울산선,밀양지사,웅촌3터널(울산),141,593,2,2종,A,2020-12-28,울산광역시 울주군 웅촌면 대복리
함양울산선,밀양지사,웅촌3터널(함양),141,585,2,2종,A,2020-12-28,울산광역시 울주군 웅촌면 대복리
함양울산선,밀양지사,청량터널(함양),143,489,2,2종,A,2020-12-28,울산광역시 울주군 청량읍 삼정리
함양울산선,밀양지사,청량터널(울산),143,484,2,2종,A,2020-12-28,울산광역시 울주군 청량읍 삼정리
중부내륙선,충주지사,연풍터널(창원),196,1240,2,1종,B,2004-12-06,충청북도 괴산군 연풍면 행촌리
중부내륙선,충주지사,연풍터널(양평),196,1224,2,1종,B,2004-12-06,충청북도 괴산군 연풍면 행촌리
중부내륙선,충주지사,장연터널(창원),199,3055,2,1종,B,2004-12-06,충청북도 괴산군 연풍면 유상리
중부내륙선,충주지사,장연터널(양평),199,3100,2,1종,B,2004-12-06,충청북도 괴산군 연풍면 유상리
중부내륙선,충주지사,추점터널(양평),206,547,2,2종,A,2004-12-06,충청북도 괴산군 장연면 추점리
중부내륙선,충주지사,추점터널(창원),206,536,2,2종,A,2004-12-06,충청북도 괴산군 장연면 추점리
중부내륙선,충주지사,조곡터널(양평),212,859,2,2종,A,2004-12-06,충청북도 괴산군 장연면 조곡리
중부내륙선,충주지사,조곡터널(창원),212,870,2,2종,A,2004-12-06,충청북도 괴산군 장연면 조곡리
중부내륙선,충주지사,매현2터널(양평),216,970,2,2종,A,2004-11-11,충청북도 충주시 대소원면 문주리
중부내륙선,충주지사,매현2터널(창원),216,970,2,2종,A,2004-11-11,충청북도 충주시 대소원면 문주리
중부내륙선,충주지사,매현1터널(창원),217,328,2,2종,A,2004-11-11,충청북도 충주시 대소원면 매현리
중부내륙선,충주지사,매현1터널(양평),218,328,2,2종,A,2004-11-11,충청북도 충주시 대소원면 매현리
중부내륙선,충주지사,탄용터널(창원),218,380,2,2종,A,2004-11-11,충청북도 충주시 대소원면 매현리
중부내륙선,충주지사,탄용터널(양평),218,380,2,2종,A,2004-11-11,충청북도 충주시 대소원면 매현리
중부내륙선,충주지사,두정터널(창원),219,640,2,2종,B,2004-11-11,충청북도 충주시 대소원면 탄용리
중부내륙선,충주지사,두정터널(양평),219,615,2,2종,A,2004-11-11,충청북도 충주시 대소원면 탄용리
중부내륙선,충주지사,장고개터널(창원),221,475,2,2종,B,2004-11-11,충청북도 충주시 대소원면 두정리
중부내륙선,충주지사,장고개터널(양평),221,470,2,2종,B,2004-11-11,충청북도 충주시 대소원면 두정리
중부내륙선,충주지사,만정터널(양평),221,440,2,2종,B,2004-11-11,충청북도 충주시 대소원면 만정리
중부내륙선,충주지사,만정터널(창원),221,445,2,2종,B,2004-11-11,충청북도 충주시 대소원면 만정리
중부내륙선,충주지사,용전터널(양평),227,845,2,2종,B,2002-12-20,충청북도 충주시 대소원면 완오리
중부내륙선,충주지사,용전터널(창원),227,835,2,2종,B,2002-12-20,충청북도 충주시 대소원면 완오리
중부내륙선,충주지사,중원터널(양평),243,988,3,1종,B,2002-12-20,충청북도 충주시 노은면 가신리
중부내륙선,충주지사,중원터널(창원),243,988,3,1종,B,2002-12-20,충청북도 충주시 노은면 가신리
통영대전선/중부선,진천지사,진천터널(하남),273,475,2,2종,A,1987-12-17,충청북도 진천군 초평면 연담리
통영대전선/중부선,진천지사,진천터널(남이),273,475,2,2종,A,1987-12-17,충청북도 진천군 초평면 연담리
중부내륙선,상주지사,상주터널(창원),133,1612,2,1종,B,2001-11-30,경상북도 상주시 낙동면 신오리
중부내륙선,상주지사,상주터널(양평),133,1685,2,1종,B,2001-11-30,경상북도 상주시 낙동면 신오리
중부내륙선,상주지사,낙동터널(양평),142,370,2,2종,B,2001-11-30,경상북도 상주시 낙동면 신상리
중부내륙선,상주지사,낙동터널(창원),142,400,2,2종,B,2001-11-30,경상북도 상주시 낙동면 신상리
중부내륙선,상주지사,공검터널(양평),157,406,2,2종,B,2003-12-31,경상북도 상주시 공검면 화동리
중부내륙선,상주지사,공검터널(창원),157,406,2,2종,B,2003-12-31,경상북도 상주시 공검면 화동리
중부내륙선,상주지사,불정터널(양평),174,194,2,2종,B,2004-12-06,경상북도 문경시 불정동 
중부내륙선,상주지사,불정터널(창원),174,194,2,2종,B,2004-12-06,경상북도 문경시 불정동 
중부내륙선,상주지사,진남터널(양평),177,968,2,2종,B,2004-12-06,경상북도 문경시 마성면 신현리
중부내륙선,상주지사,진남터널(창원),177,992,2,2종,B,2004-12-06,경상북도 문경시 마성면 신현리
중부내륙선,상주지사,문경2터널(양평),186,1187,2,1종,B,2004-12-06,경상북도 문경시 문경읍 진안리
중부내륙선,상주지사,문경2터널(창원),186,1205,2,1종,B,2004-12-06,경상북도 문경시 문경읍 진안리
중부내륙선,상주지사,문경1터널(양평),186,115,2,2종,B,2004-12-06,경상북도 문경시 문경읍 진안리
중부내륙선,상주지사,문경1터널(창원),186,180,2,2종,B,2004-12-06,경상북도 문경시 문경읍 진안리
중부내륙선,상주지사,문경새재터널(창원),192,2645,2,1종,B,2004-12-06,충청북도 괴산군 연풍면 주진리
중부내륙선,상주지사,문경새재터널(양평),192,2635,2,1종,B,2004-12-06,충청북도 괴산군 연풍면 주진리
서산영덕선(청주상주선),보은지사,문의1터널(영덕),12,536,2,2종,B,2007-12-14,충청북도 청원군 문의면 노현리
서산영덕선(청주상주선),보은지사,문의1터널(청주),13,451,2,2종,B,2007-12-14,충청북도 청원군 문의면 마구리
서산영덕선(청주상주선),보은지사,문의2터널(청주),13,120,2,2종,B,2007-12-14,충청북도 청원군 문의면 마구리
서산영덕선(청주상주선),보은지사,문의2터널(영덕),13,219,2,2종,B,2007-12-14,충청북도 청원군 문의면 마구리
서산영덕선(청주상주선),보은지사,피반령터널(청주),14,2014,2,1종,B,2007-12-14,충청북도 청원군 문의면 마구리
서산영덕선(청주상주선),보은지사,피반령터널(영덕),14,1951,2,1종,B,2007-12-14,충청북도 청원군 문의면 마구리
서산영덕선(청주상주선),보은지사,회인터널(청주),21,215,2,2종,B,2007-12-14,충청북도 보은군 회북면 건천리
서산영덕선(청주상주선),보은지사,회인터널(영덕),21,228,2,2종,B,2007-12-14,충청북도 보은군 회북면 건천리
서산영덕선(청주상주선),보은지사,수리티터널(영덕),22,903,2,2종,B,2007-12-14,충청북도 보은군 회북면 건천리
서산영덕선(청주상주선),보은지사,수리티터널(청주),22,825,2,2종,B,2007-12-14,충청북도 보은군 회북면 건천리
서산영덕선(청주상주선),보은지사,수한터널(영덕),26,214,2,2종,B,2007-12-14,충청북도 보은군 수한면 교암리
서산영덕선(청주상주선),보은지사,수한터널(청주),26,214,2,2종,B,2007-12-14,충청북도 보은군 수한면 교암리
서산영덕선(청주상주선),보은지사,탄부터널(청주),32,220,2,2종,B,2007-12-14,충청북도 보은군 탄부면 고승리
서산영덕선(청주상주선),보은지사,탄부터널(영덕),32,220,2,2종,B,2007-12-14,충청북도 보은군 탄부면 고승리
서산영덕선(청주상주선),보은지사,화서1터널(영덕),53,225,2,2종,B,2007-12-14,경상북도 상주시 화서면 신봉리
서산영덕선(청주상주선),보은지사,화서1터널(청주),53,225,3,1종,B,2007-12-14,경상북도 상주시 화서면 신봉리
서산영덕선(청주상주선),보은지사,화서2터널(영덕),54,128,2,2종,B,2007-12-14,경상북도 상주시 화서면 상곡리
서산영덕선(청주상주선),보은지사,화서2터널(청주),54,128,2,2종,B,2007-12-14,경상북도 상주시 화서면 상곡리
서산영덕선(청주상주선),보은지사,내서1터널(영덕),59,132,2,2종,B,2007-12-14,경상북도 상주시 내서면 고곡리
서산영덕선(청주상주선),보은지사,내서1터널(청주),59,132,3,1종,B,2007-12-14,경상북도 상주시 내서면 고곡리
서산영덕선(청주상주선),보은지사,내서2터널(청주),61,418,2,2종,B,2007-12-14,경상북도 상주시 내서면 고곡리
서산영덕선(청주상주선),보은지사,내서2터널(영덕),61,470,2,2종,B,2007-12-14,경상북도 상주시 내서면 고곡리
서산영덕선(청주상주선),보은지사,내서3터널(청주),65,520,2,2종,B,2007-12-14,경상북도 상주시 내서면 능암리
서산영덕선(청주상주선),보은지사,내서3터널(영덕),65,500,2,2종,B,2007-12-14,경상북도 상주시 내서면 능암리
서산영덕선(청주상주선),보은지사,내서4터널(청주),66,1370,2,1종,A,2007-12-14,경상북도 상주시 내서면 능암리
서산영덕선(청주상주선),보은지사,내서4터널(영덕),66,1335,2,1종,A,2007-12-14,경상북도 상주시 내서면 능암리
평택제천선,엄정지사,금광1터널(제천),41,806,2,2종,B,2008-12-15,경기도 안성시 금광면 개산리
평택제천선,엄정지사,금광1터널(평택),41,802,2,2종,B,2008-12-15,경기도 안성시 금광면 개산리
평택제천선,엄정지사,금광2터널(제천),43,369,2,2종,B,2008-12-15,경기도 안성시 금광면 오산리
평택제천선,엄정지사,금광2터널(평택),43,380,2,2종,A,2008-12-15,경기도 안성시 금광면 오산리
평택제천선,엄정지사,금광3터널(평택),44,498,2,2종,B,2008-12-15,경기도 안성시 금광면 옥정리
평택제천선,엄정지사,금광3터널(제천),44,457,2,2종,A,2008-12-15,경기도 안성시 금광면 한운리
평택제천선,엄정지사,안진터널(평택),49,2355,2,1종,B,2008-12-15,경기도 안성시 금광면 옥정리
평택제천선,엄정지사,안진터널(제천),49,2300,2,1종,B,2008-12-15,경기도 안성시 금광면 옥정리
평택제천선,엄정지사,수리산터널(제천),77,212,2,2종,B,2013-12-20,충청북도 음성군 생극면 오생리
평택제천선,엄정지사,수리산터널(평택),77,212,2,2종,B,2013-12-20,충청북도 음성군 생극면 오생리
평택제천선,엄정지사,신니터널(제천),80,309,2,2종,B,2013-12-20,충청북도 충주시 신니면 문락리
평택제천선,엄정지사,신니터널(평택),80,309,2,2종,B,2013-12-20,충청북도 충주시 신니면 문락리
평택제천선,엄정지사,노은1터널(제천),87,979,2,2종,A,2014-12-09,충청북도 충주시 노은면 문성리
평택제천선,엄정지사,노은1터널(평택),87,968,2,2종,A,2014-12-09,충청북도 충주시 노은면 문성리
평택제천선,엄정지사,노은2터널(제천),88,206,2,2종,A,2014-12-09,충청북도 충주시 노은면 신효리
평택제천선,엄정지사,노은2터널(평택),88,210,2,2종,A,2014-12-09,충청북도 충주시 노은면 신효리
평택제천선,엄정지사,노은3터널(제천),89,368,2,2종,A,2014-12-09,충청북도 충주시 노은면 신효리
평택제천선,엄정지사,노은3터널(평택),89,356,2,2종,A,2014-12-09,충청북도 충주시 노은면 신효리
평택제천선,엄정지사,노은4터널(제천),89,535,2,2종,A,2014-12-09,충청북도 충주시 노은면 신효리
평택제천선,엄정지사,노은4터널(평택),89,450,2,2종,A,2014-12-09,충청북도 충주시 노은면 신효리
평택제천선,엄정지사,중앙탑터널(제천),95,679,2,2종,A,2014-12-09,충청북도 충주시 가금면 가흥리
평택제천선,엄정지사,중앙탑터널(평택),95,679,2,2종,A,2014-12-09,충청북도 충주시 가금면 가흥리
평택제천선,엄정지사,산척1터널(제천),106,1062,2,1종,A,2015-07-20,충청북도 충주시 엄정면 율능리
평택제천선,엄정지사,산척1터널(평택),106,1079,2,1종,A,2015-07-20,충청북도 충주시 엄정면 율능리
평택제천선,엄정지사,산척2터널(제천),107,274,2,2종,A,2015-07-20,충청북도 충주시 산척면 영덕리
평택제천선,엄정지사,산척2터널(평택),108,218,2,2종,A,2015-07-20,충청북도 충주시 산척면 영덕리
평택제천선,엄정지사,천등산1터널(제천),111,399,2,2종,A,2015-07-20,충청북도 충주시 산척면 영덕리
평택제천선,엄정지사,천등산1터널(평택),111,442,2,2종,A,2015-07-20,충청북도 충주시 산척면 영덕리
평택제천선,엄정지사,천등산2터널(제천),112,119,2,2종,A,2015-07-20,충청북도 충주시 산척면 영덕리
평택제천선,엄정지사,천등산3터널(제천),112,2645,2,1종,A,2015-07-20,충청북도 충주시 산척면 명서리
평택제천선,엄정지사,천등산3터널(평택),112,2619,2,1종,A,2015-07-20,충청북도 충주시 산척면 명서리
평택제천선,엄정지사,산척3터널(제천),116,1256,2,1종,A,2015-07-20,충청북도 충주시 산척면 명서리
평택제천선,엄정지사,산척3터널(평택),116,1274,2,1종,A,2015-07-20,충청북도 충주시 산척면 명서리
평택제천선,엄정지사,산척4터널(제천),118,1243,2,1종,A,2015-07-20,충청북도 충주시 산척면 명서리
평택제천선,엄정지사,산척4터널(평택),118,1191,2,1종,A,2015-07-20,충청북도 충주시 산척면 명서리
평택제천선,엄정지사,금성터널(제천),119,4427,2,1종,A,2015-07-20,충청북도 제천시 청풍면 장선리
평택제천선,엄정지사,금성터널(평택),119,4465,2,1종,A,2015-07-20,충청북도 제천시 청풍면 장선리
중앙선,제천지사,단양터널(부산),253,465,2,2종,B,2001-12-18,충청북도 단양군 적성면 현곡리
중앙선,제천지사,단양터널(춘천),253,500,2,2종,B,2001-12-18,충청북도 단양군 적성면 현곡리
중앙선,제천지사,현곡터널(춘천),255,220,2,2종,B,2001-12-18,충청북도 단양군 적성면 현곡리
중앙선,제천지사,현곡터널(부산),255,220,2,2종,B,2001-12-18,충청북도 단양군 적성면 현곡리
중앙선,제천지사,적성터널(부산),257,616,2,2종,A,2001-12-18,충청북도 단양군 적성면 상리
중앙선,제천지사,적성터널(춘천),257,560,3,1종,B,2001-12-18,충청북도 단양군 적성면 상리
중앙선,제천지사,제천터널(부산),268,1150,2,1종,B,2001-12-18,충청북도 단양군 적성면 상원곡리
중앙선,제천지사,제천터널(춘천),269,1190,2,1종,B,2001-12-18,충청북도 단양군 적성면 상원곡리
중앙선,제천지사,치악1터널(춘천),301,193,2,2종,B,1995-10-03,강원특별자치도 원주시 판부면 금대리
중앙선,제천지사,치악2터널(부산),301,298,2,2종,B,1998-12-16,강원특별자치도 원주시 판부면 금대리
중앙선,제천지사,치악2터널(춘천),302,179,2,2종,B,1995-10-03,강원특별자치도 원주시 판부면 금대리
중앙선,제천지사,치악3터널(춘천),302,298,2,2종,B,1995-10-03,강원특별자치도 원주시 판부면 금대리
중앙선,제천지사,치악3터널(부산),302,320,2,2종,B,1999-08-01,강원특별자치도 원주시 판부면 금대리
중앙선,제천지사,치악4터널(춘천),303,147,2,2종,B,1995-10-03,강원특별자치도 원주시 판부면 금대리
중앙선,제천지사,치악4터널(부산),303,151,2,2종,B,1999-11-06,강원특별자치도 원주시 판부면 금대리
중앙선,제천지사,금대1터널(춘천),304,324,2,2종,B,1995-10-03,강원특별자치도 원주시 판부면 금대리
중앙선,제천지사,금대1터널(부산),304,317,2,2종,B,1999-11-05,강원특별자치도 원주시 판부면 금대리
중앙선,제천지사,금대2터널(춘천),305,228,2,2종,B,1995-10-03,강원특별자치도 원주시 판부면 금대리
중앙선,제천지사,금대2터널(부산),305,213,2,2종,B,2000-10-05,강원특별자치도 원주시 판부면 금대리
수도권제1순환선,인천지사,소래터널(판교),93,421,4,1종,B,1999-12-14,경기도 시흥시 대야동 
수도권제1순환선,인천지사,소래터널(일산),93,446,4,1종,B,1999-12-14,경기도 시흥시 대야동 
수도권제1순환선,시흥지사,수암터널(판교),110,1254,4,1종,B,1999-11-30,경기도 안산시 상록구 수암동 
수도권제1순환선,시흥지사,수암터널(일산),110,1294,4,1종,B,1999-11-30,경기도 안양시 만안구 안양동 
수도권제1순환선,시흥지사,수리터널(판교),112,1865,4,1종,B,1999-12-20,경기도 안양시 만안구 안양동 
수도권제1순환선,시흥지사,수리터널(일산),112,1882,4,1종,B,1999-12-20,경기도 군포시 산본동 
수도권제1순환선,시흥지사,안양터널(일산),114,390,4,1종,B,1996-10-30,경기도 안양시 동안구 호계동 
수도권제1순환선,시흥지사,안양터널(판교),114,390,4,1종,B,1996-10-30,경기도 안양시 동안구 호계동 
제2경인선(인천안양),시흥지사,광명터널(성남),21,905,3,1종,B,1995-12-30,경기도 광명시 노온사동 
제2경인선(인천안양),시흥지사,광명터널(인천),21,929,3,1종,B,1995-12-30,경기도 광명시 소하동 
영동선,군포지사,반월터널(인천),19,760,3,1종,B,2001-05-10,경기도 군포시 둔대동 
영동선,군포지사,반월터널(강릉1),19,286,2,2종,B,1991-12-07,경기도 안산시 상록구 부곡동 
영동선,군포지사,반월터널(강릉0),20,358,2,2종,B,1991-12-08,경기도 안산시 상록구 부곡동 
영동선,군포지사,광교터널(강릉0),34,522,3,1종,B,2001-05-10,경기도 수원시 장안구 하광교동 
영동선,군포지사,광교터널(인천0),34,495,2,2종,B,1991-12-08,경기도 수원시 영통구 이의동 
영동선,군포지사,광교터널(인천1),34,502,2,2종,B,1991-12-08,경기도 수원시 영통구 이의동 
영동선,군포지사,광교터널(강릉1),35,499,2,2종,B,2013-12-23,경기도 수원시 장안구 하광교동 
영동선,군포지사,마성터널(강릉1),48,1565,3,1종,B,2012-05-31,경기도 용인시 기흥구 동백동 
영동선,군포지사,마성터널(강릉0),48,1460,2,1종,B,1994-12-13,경기도 용인시 기흥구 동백동 
영동선,군포지사,마성터널(인천1),48,1502,3,1종,B,2012-05-31,경기도 용인시 처인구 포곡읍 마성리
영동선,군포지사,마성터널(인천0),48,1460,2,1종,B,1994-12-13,경기도 용인시 처인구 포곡읍 마성리
서해안선,화성지사,용담터널(서울),319,766,3,1종,B,1996-12-17,경기도 안산시 상록구 건건동 
서해안선,화성지사,용담터널(목포),319,853,3,1종,B,1996-12-17,경기도 안산시 상록구 건건동 
서해안선,화성지사,팔곡터널(서울),322,351,3,1종,B,1996-12-17,경기도 안산시 상록구 팔곡일동 
서해안선,화성지사,팔곡터널(목포),322,336,3,1종,B,1996-12-17,경기도 안산시 상록구 팔곡일동 
서해안선,화성지사,순산터널(목포),323,627,3,1종,B,1996-12-17,경기도 군포시 둔대동 
서해안선,화성지사,순산터널(서울),324,684,3,1종,B,1996-12-17,경기도 군포시 둔대동 
평택제천선,화성지사,평택터널(제천),16,370,3,1종,B,2002-12-28,경기도 평택시 지제동 
평택제천선,화성지사,평택터널(평택),16,370,3,1종,B,2002-12-28,경기도 평택시 지제동 
평택제천선,화성지사,반제터널(평택),27,140,2,2종,B,2008-05-08,경기도 안성시 원곡면 반제리
평택제천선,화성지사,반제터널(제천),27,140,2,2종,B,2008-05-08,경기도 안성시 원곡면 반제리
세종포천선,파주지사,중랑IC1지하차도,1,140,1,2종,B,2017-06-29,서울특별시 중랑구 신내동 
세종포천선,파주지사,구리터널(포천),1,3605,3,1종,B,2017-06-29,경기도 구리시 토평동 
세종포천선,파주지사,구리터널(구리),5,3484,3,1종,B,2017-06-29,서울특별시 중랑구 망우동 
세종포천선,파주지사,갈매지하차도,6,100,8,2종,B,2017-06-29,경기도 구리시 갈매동 
세종포천선,파주지사,남양주터널(포천),16,1235,3,1종,B,2017-06-29,경기도 남양주시 별내면 광전리
세종포천선,파주지사,남양주터널(구리),16,1255,3,1종,B,2017-06-29,경기도 남양주시 별내면 청학리
세종포천선,파주지사,자금지하차도(포천),25,180,3,2종,B,2017-06-29,경기도 의정부시 자금동 
세종포천선,파주지사,자금지하차도(구리),25,180,3,2종,B,2017-06-29,경기도 의정부시 자금동 
세종포천선,파주지사,축석령터널(포천),25,495,3,1종,A,2017-06-29,경기도 의정부시 자금동 
세종포천선,파주지사,축석령터널(구리),26,495,3,1종,A,2017-06-29,경기도 의정부시 자금동 
세종포천선,파주지사,이가팔지하차도,32,360,4,2종,B,2017-06-29,경기도 포천군 소흘읍 이가팔리
수도권제2순환선,파주지사,석문령터널(양주),2,1658,2,1종,B,2017-06-29,경기도 포천군 소흘면 송우리
수도권제2순환선,파주지사,석문령터널(서울),3,1670,2,1종,B,2017-06-29,경기도 포천군 소흘면 송우리
수도권제2순환선,파주지사,은현3터널(파주방향),10,329,2,2종,,2024-12-20,경기도 양주군 은현면 용암리
수도권제2순환선,파주지사,은현3터널(양주방향),10,376,3,1종,,2024-12-20,경기도 양주군 은현면 용암리
수도권제2순환선,파주지사,은현2터널(파주),12,674,2,2종,,2024-12-20,경기도 양주시 은현면 도하리
수도권제2순환선,파주지사,은현2터널(양주),12,672,2,2종,,2024-12-20,경기도 양주시 은현면 도하리
수도권제2순환선,파주지사,은현1터널(양주),13,374,2,2종,,2024-12-20,경기도 양주시 은현면 도하리
수도권제2순환선,파주지사,은현1터널(파주),13,376,2,2종,,2024-12-20,경기도 양주시 은현면 도하리
수도권제2순환선,파주지사,광적2터널(양주),18,417,2,2종,,2024-12-20,경기도 양주시 광적면 덕도리
수도권제2순환선,파주지사,광적2터널(파주),18,433,2,2종,,2024-12-20,경기도 양주시 광적면 덕도리
수도권제2순환선,파주지사,광적1터널(파주),19,4591,2,1종,,2024-12-20,경기도 양주시 광적면 덕도리
수도권제2순환선,파주지사,광적1터널(양주),19,4560,2,1종,,2024-12-20,경기도 파주시 법원읍 삼방리
수도권제2순환선,파주지사,법원터널(양주),24,317,2,2종,,2024-12-20,경기도 파주시 법원읍 삼방리
수도권제2순환선,파주지사,법원터널(파주),24,318,2,2종,,2024-12-20,경기도 파주시 법원읍 삼방리
수도권제2순환선,파주지사,애룡터널(양주),27,552,2,2종,,2024-12-20,경기도 파주군 파주읍 연풍리
수도권제2순환선,파주지사,애룡터널(파주),28,522,2,2종,,2024-12-20,경기도 파주군 파주읍 연풍리
수도권제2순환선,파주지사,파주2터널(양주),29,388,2,2종,,2024-12-20,경기도 파주군 파주읍 연풍리
수도권제2순환선,파주지사,파주2터널(파주),29,390,2,2종,,2024-12-20,경기도 파주군 파주읍 연풍리
수도권제2순환선,파주지사,파주1터널(양주),29,432,2,2종,,2024-12-20,경기도 파주군 파주읍 부곡리
수도권제2순환선,파주지사,파주1터널(파주),30,452,2,2종,,2024-12-20,경기도 파주군 파주읍 부곡리
